entry_price,stop_loss,take_profit,position_size,type,status,entry_time,strategy,SMA_50,ATR,fib_level,fib_type,trend,mother_bar_high,mother_bar_low,exit_time,exit_price,pnl,duration,result
1.08754,1.0879839999999998,1.0862080000000003,4504.504504505631,Short,TP Hit,2024-05-28 15:30:00,Fib False Breakout Short,1.0875708,0.0022199999999998887,1.08735,50,downtrend,1.08754,1.08713,2024-05-28 18:20:00,1.0862080000000003,6.0,2.8333333333333335,Win
1.07946,1.07973,1.07865,7851.851851852071,Short,SL Hit,2024-05-30 06:40:00,Fib False Breakout Short,1.0797314,0.0009999999999998899,1.07945884,50,downtrend,1.07953,1.07896,2024-05-30 07:10:00,1.07973,-2.12,0.5,Loss
1.08339,1.0835919999999999,1.0827840000000006,10285.148514860985,Short,TP Hit,2024-05-30 22:00:00,Fib False Breakout Short,1.0836405999999998,0.0008099999999999774,1.08331648,618,downtrend,1.08343,1.08312,2024-05-31 01:40:00,1.0827840000000006,6.2328,3.6666666666666665,Win
1.08335,1.083498,1.082906,14037.837837834328,Short,TP Hit,2024-05-30 22:50:00,Fib False Breakout Short,1.0836434,0.0005399999999999849,1.08329356,50,downtrend,1.08339,1.08323,2024-05-31 01:10:00,1.082906,6.232799999999999,2.3333333333333335,Win
1.08335,1.083478,1.0829660000000003,16231.250000011923,Short,TP Hit,2024-05-30 22:50:00,Fib False Breakout Short,1.0836434,0.0005399999999999849,1.08327828,50,downtrend,1.08337,1.08327,2024-05-31 01:10:00,1.0829660000000003,6.2328,2.3333333333333335,Win
1.08335,1.083478,1.0829660000000003,16231.250000011923,Short,TP Hit,2024-05-30 22:50:00,Fib False Breakout Short,1.0836434,0.0005399999999999849,1.08326682,50,downtrend,1.08337,1.08329,2024-05-31 01:10:00,1.0829660000000003,6.2328,2.3333333333333335,Win
1.08315,1.0834380000000001,1.0822859999999999,7213.888888887236,Short,TP Hit,2024-05-31 01:10:00,Fib False Breakout Short,1.0834036,0.00043999999999999595,1.0830146999999999,50,downtrend,1.08335,1.08294,2024-05-31 01:40:00,1.0822859999999999,6.2328,0.5,Win
1.08315,1.0833780000000002,1.0824659999999997,9112.280701749709,Short,TP Hit,2024-05-31 01:10:00,Fib False Breakout Short,1.0834036,0.00043999999999999595,1.08299942,50,downtrend,1.08329,1.08305,2024-05-31 01:40:00,1.0824659999999997,6.232799999999999,0.5,Win
1.08315,1.083368,1.082496,9530.275229355548,Short,TP Hit,2024-05-31 01:10:00,Fib False Breakout Short,1.0834036,0.00043999999999999595,1.0831292,618,downtrend,1.08328,1.08305,2024-05-31 01:40:00,1.082496,6.2328,0.5,Win
1.08193,1.082096,1.0814320000000004,17772.24096386736,Short,SL Hit,2024-05-31 06:40:00,Fib False Breakout Short,1.0823444,0.0007299999999998974,1.0818458000000002,50,downtrend,1.08195,1.08146,2024-05-31 06:40:00,1.082096,-2.9501919999999995,0.0,Loss
1.08521,1.085048,1.085696,17846.840493827658,Long,SL Hit,2024-06-03 05:40:00,Fib False Breakout Long,1.0851666,0.0005599999999998939,1.08529908,618,uptrend,1.08542,1.08516,2024-06-03 05:40:00,1.085048,-2.89118816,0.0,Loss
1.08434,1.0848,1.0829600000000004,6159.487819131707,Short,SL Hit,2024-06-03 12:00:00,Fib False Breakout Short,1.0844426,0.0017000000000000348,1.08396274,618,downtrend,1.08446,1.0839,2024-06-03 13:10:00,1.0848,-2.8333643967999995,1.1666666666666667,Loss
1.08446,1.084932,1.083044,6002.890671186085,Short,SL Hit,2024-06-03 12:50:00,Fib False Breakout Short,1.0843714,0.0022100000000000453,1.084085,50,downtrend,1.08449,1.08409,2024-06-03 13:20:00,1.084932,-2.8333643967999995,0.5,Loss
1.08809,1.087816,1.0889120000000003,9927.116134769829,Long,SL Hit,2024-06-04 21:10:00,Fib False Breakout Long,1.0878012,0.0006700000000001705,1.08813964,50,uptrend,1.08812,1.08795,2024-06-05 03:20:00,1.087816,-2.720029820928,6.166666666666667,Loss
1.08805,1.087988,1.088236,43871.44872464057,Long,SL Hit,2024-06-05 00:20:00,Fib False Breakout Long,1.088098,0.000360000000000138,1.0880959399999999,50,uptrend,1.08815,1.08806,2024-06-05 00:20:00,1.087988,-2.720029820928,0.0,Loss
1.08838,1.088028,1.0894359999999996,7418.263147987394,Long,SL Hit,2024-06-06 06:10:00,Fib False Breakout Long,1.0883798,0.0010099999999999554,1.0887333399999999,50,uptrend,1.08857,1.08823,2024-06-06 06:20:00,1.088028,-2.61122862809088,0.16666666666666666,Loss
1.08821,1.0877620000000001,1.0895539999999992,5712.06262395158,Long,TP Hit,2024-06-06 16:00:00,Fib False Breakout Long,1.0878334,0.0018399999999998418,1.088215,50,uptrend,1.0887,1.08813,2024-06-07 01:50:00,1.0895539999999992,7.677012166587185,9.833333333333334,Win
1.0882,1.08778,1.0894600000000003,6092.866798877458,Long,TP Hit,2024-06-06 17:00:00,Fib False Breakout Long,1.0879308,0.0013499999999999623,1.088215,50,uptrend,1.0883,1.08805,2024-06-07 01:50:00,1.0894600000000003,7.677012166587186,8.833333333333334,Win
1.08952,1.089806,1.088662,10021.274623050575,Short,SL Hit,2024-06-07 09:50:00,Fib False Breakout Short,1.0893135999999999,0.0012799999999999478,1.08891064,618,downtrend,1.08955,1.08884,2024-06-07 11:40:00,1.089806,-2.8660845421925494,1.8333333333333333,Loss
1.08926,1.0895899999999998,1.08827,8685.104673312297,Short,SL Hit,2024-06-07 10:40:00,Fib False Breakout Short,1.0892972,0.0013000000000000789,1.0890900000000001,50,downtrend,1.08933,1.08906,2024-06-07 11:30:00,1.0895899999999998,-2.8660845421925494,0.8333333333333334,Loss
1.074,1.0742239999999998,1.0733280000000007,12283.219466551567,Short,SL Hit,2024-06-12 02:00:00,Fib False Breakout Short,1.074093,0.0007199999999998319,1.07388,50,downtrend,1.07408,1.0737,2024-06-12 05:40:00,1.0742239999999998,-2.751441160504848,3.6666666666666665,Loss
1.08266,1.08156,1.0859599999999996,2451.2839429954984,Long,SL Hit,2024-06-12 18:40:00,Fib False Breakout Long,1.0817656,0.003049999999999997,1.08308554,618,uptrend,1.08332,1.08217,2024-06-12 18:40:00,1.08156,-2.6964123372947513,0.0,Loss
1.0807,1.081182,1.0792539999999997,5482.332138067103,Short,TP Hit,2024-06-13 09:30:00,Fib False Breakout Short,1.0806738,0.0012099999999999334,1.08065738,618,downtrend,1.08094,1.08052,2024-06-13 11:20:00,1.0792539999999997,7.927452271646568,1.8333333333333333,Win
1.07394,1.07409,1.0734899999999996,18673.554239866815,Short,SL Hit,2024-06-13 22:40:00,Fib False Breakout Short,1.0744704,0.0006500000000000394,1.0738276199999999,618,downtrend,1.07396,1.07353,2024-06-14 01:50:00,1.07409,-2.801033135981787,3.1666666666666665,Loss
1.07399,1.0741239999999999,1.0735880000000004,20903.23235809543,Short,SL Hit,2024-06-13 23:30:00,Fib False Breakout Short,1.0741749999999999,0.0005199999999998539,1.07380852,618,downtrend,1.07402,1.07386,2024-06-14 01:50:00,1.0741239999999999,-2.801033135981787,2.3333333333333335,Loss
1.07402,1.074196,1.0734920000000001,15278.362559904654,Short,TP Hit,2024-06-14 04:10:00,Fib False Breakout Short,1.073969,0.0006800000000000139,1.0739067199999999,618,downtrend,1.07406,1.07383,2024-06-14 05:40:00,1.0734920000000001,8.066975431627547,1.5,Win
1.07037,1.070462,1.070094,30981.862164952785,Short,SL Hit,2024-06-17 05:10:00,Fib False Breakout Short,1.0702762,0.00035999999999991594,1.07033,50,downtrend,1.07039,1.07022,2024-06-17 05:20:00,1.070462,-2.850331319175067,0.16666666666666666,Loss
1.07013,1.070838,1.0680060000000002,3945.3738598754776,Short,SL Hit,2024-06-17 07:40:00,Fib False Breakout Short,1.0702182,0.0022400000000000198,1.069595,50,downtrend,1.07039,1.06924,2024-06-17 08:20:00,1.070838,-2.7933246927915656,0.6666666666666666,Loss
1.0731,1.073456,1.0720319999999999,7689.48932285269,Short,SL Hit,2024-06-18 06:50:00,Fib False Breakout Short,1.0728986,0.0013800000000001589,1.0725099999999999,50,downtrend,1.07318,1.07265,2024-06-18 07:10:00,1.073456,-2.7374581989357343,0.3333333333333333,Loss
1.07353,1.07331,1.0741900000000004,12194.13197707132,Long,SL Hit,2024-06-18 18:00:00,Fib False Breakout Long,1.0731431999999999,0.0009500000000000064,1.07387576,50,uptrend,1.07409,1.0735,2024-06-19 06:30:00,1.07331,-2.6827090349570195,12.5,Loss
1.07381,1.07369,1.0741699999999996,22355.90862466084,Long,SL Hit,2024-06-19 00:30:00,Fib False Breakout Long,1.0738724,0.0003500000000000725,1.0738210000000001,618,uptrend,1.07396,1.07376,2024-06-19 01:20:00,1.07369,-2.6827090349570195,0.8333333333333334,Loss
1.07401,1.07417,1.0735299999999994,16431.592839095312,Short,TP Hit,2024-06-19 03:20:00,Fib False Breakout Short,1.0739344,0.000700000000000145,1.07389,50,downtrend,1.07403,1.07378,2024-06-19 06:30:00,1.0735299999999994,7.887164562773638,3.1666666666666665,Win
1.07378,1.0741260000000001,1.0727419999999994,7899.260013909809,Short,SL Hit,2024-06-19 10:10:00,Fib False Breakout Short,1.0737382,0.001180000000000181,1.07345,50,downtrend,1.07389,1.07326,2024-06-19 10:20:00,1.0741260000000001,-2.7331439648142117,0.16666666666666666,Loss
1.07289,1.0733059999999999,1.071642,6438.656455572375,Short,TP Hit,2024-06-20 10:50:00,Fib False Breakout Short,1.073253,0.0017300000000000093,1.072665,50,downtrend,1.07296,1.07248,2024-06-20 11:50:00,1.071642,8.035443256553782,1.0,Win
1.07248,1.072942,1.0710940000000002,6145.432793613059,Short,TP Hit,2024-06-20 12:30:00,Fib False Breakout Short,1.0729347999999999,0.0019100000000000783,1.07217152,618,downtrend,1.07256,1.0713,2024-06-20 15:50:00,1.0710940000000002,8.517569851947007,3.3333333333333335,Win
1.0692,1.07011,1.06647,3307.188294162697,Short,SL Hit,2024-06-21 14:40:00,Fib False Breakout Short,1.0690903999999999,0.0019499999999998963,1.0684813,618,downtrend,1.06972,1.06783,2024-06-24 06:10:00,1.07011,-3.009541347687943,63.5,Loss
1.06906,1.069256,1.0684719999999996,15354.802794319581,Short,SL Hit,2024-06-24 02:10:00,Fib False Breakout Short,1.0691404,0.0009799999999999809,1.0688866,618,downtrend,1.06906,1.06839,2024-06-24 03:30:00,1.069256,-3.009541347687943,1.3333333333333333,Loss
1.06891,1.069324,1.0676680000000003,7269.423545141462,Short,SL Hit,2024-06-24 02:50:00,Fib False Breakout Short,1.0691986,0.0009700000000001374,1.0688866,618,downtrend,1.06913,1.06891,2024-06-24 04:30:00,1.069324,-3.009541347687943,1.6666666666666667,Loss
1.06919,1.069394,1.0685780000000005,14457.600591843384,Short,SL Hit,2024-06-24 03:50:00,Fib False Breakout Short,1.069194,0.0008200000000000429,1.0688866,50,downtrend,1.06923,1.06881,2024-06-24 04:50:00,1.069394,-2.9493505207341846,1.0,Loss
1.06919,1.0693540000000001,1.068698,17983.844638617265,Short,SL Hit,2024-06-24 03:50:00,Fib False Breakout Short,1.069194,0.0008200000000000429,1.06886368,50,downtrend,1.06919,1.06892,2024-06-24 04:30:00,1.0693540000000001,-2.9493505207341846,0.6666666666666666,Loss
1.07326,1.073148,1.0735960000000004,24205.311124951673,Long,TP Hit,2024-06-25 01:30:00,Fib False Breakout Long,1.0732958,0.0005100000000000104,1.0733383,618,uptrend,1.07353,1.07325,2024-06-25 02:10:00,1.0735960000000004,8.132984537991897,0.6666666666666666,Win
1.07358,1.0736800000000002,1.0732799999999993,28736.54536751072,Short,SL Hit,2024-06-25 02:30:00,Fib False Breakout Short,1.073419,0.00039999999999995595,1.073415,50,downtrend,1.0736,1.07324,2024-06-25 02:30:00,1.0736800000000002,-2.8736545367571362,0.0,Loss
1.07075,1.0710039999999998,1.0699880000000008,11087.328527656364,Short,SL Hit,2024-06-25 17:10:00,Fib False Breakout Short,1.0711966,0.0012199999999999989,1.0702850000000002,50,downtrend,1.07076,1.07023,2024-06-25 17:20:00,1.0710039999999998,-2.8161814460219934,0.16666666666666666,Loss
1.07545,1.074808,1.0773760000000001,4298.8439518713685,Long,SL Hit,2024-07-01 08:00:00,Fib False Breakout Long,1.0753348,0.0025100000000000122,1.07601466,50,uptrend,1.0761,1.07531,2024-07-01 11:20:00,1.074808,-2.7598578171015538,3.3333333333333335,Loss
1.079,1.0791920000000002,1.0784239999999994,14086.774274775093,Short,SL Hit,2024-07-04 06:50:00,Fib False Breakout Short,1.078851,0.0008600000000000829,1.07872526,50,downtrend,1.07902,1.07858,2024-07-04 06:50:00,1.0791920000000002,-2.7046606607595227,0.0,Loss
1.08113,1.081086,1.0812619999999997,60240.16926246294,Long,SL Hit,2024-07-04 21:40:00,Fib False Breakout Long,1.081027,0.00026999999999999247,1.0811328,618,uptrend,1.0813,1.08114,2024-07-04 23:20:00,1.081086,-2.6505674475443324,1.6666666666666667,Loss
1.08112,1.08105,1.0813300000000001,37865.24925062548,Long,SL Hit,2024-07-04 22:20:00,Fib False Breakout Long,1.0811250000000001,0.00029999999999996696,1.0811328,50,uptrend,1.0812,1.08111,2024-07-04 23:30:00,1.08105,-2.6505674475443324,1.1666666666666667,Loss
1.08114,1.0810240000000002,1.0814879999999993,22849.71937542493,Long,SL Hit,2024-07-04 23:20:00,Fib False Breakout Long,1.0812082,0.00032999999999994145,1.08117606,618,uptrend,1.0812,1.08109,2024-07-04 23:30:00,1.0810240000000002,-2.6505674475443324,0.16666666666666666,Loss
1.08232,1.081994,1.083298,7642.740492918105,Long,SL Hit,2024-07-05 11:20:00,Fib False Breakout Long,1.0823779999999998,0.0011299999999998533,1.082425,50,uptrend,1.08262,1.08222,2024-07-05 11:50:00,1.081994,-2.4915334006916727,0.5,Loss
1.08269,1.084068,1.0785559999999996,1771.9178031042522,Short,SL Hit,2024-07-05 13:20:00,Fib False Breakout Short,1.0824414,0.0037400000000000766,1.08232,50,downtrend,1.08332,1.08168,2024-07-05 19:20:00,1.084068,-2.441702732677839,6.0,Loss
1.08287,1.0831600000000001,1.0819999999999996,8251.271303528494,Short,SL Hit,2024-07-08 02:20:00,Fib False Breakout Short,1.0830498,0.001100000000000101,1.08281152,618,downtrend,1.08294,1.0825,2024-07-08 03:20:00,1.0831600000000001,-2.3928686780242825,1.0,Loss
1.08287,1.0831600000000001,1.0819999999999996,8251.271303528494,Short,SL Hit,2024-07-08 02:20:00,Fib False Breakout Short,1.0830498,0.001100000000000101,1.08281152,618,downtrend,1.08294,1.08268,2024-07-08 03:20:00,1.0831600000000001,-2.3928686780242825,1.0,Loss
1.08136,1.0815959999999998,1.080652000000001,9733.703097061087,Short,SL Hit,2024-07-09 19:40:00,Fib False Breakout Short,1.08139,0.0008299999999998864,1.0812017600000001,50,downtrend,1.08143,1.0811,2024-07-10 02:40:00,1.0815959999999998,-2.2971539309033107,7.0,Loss
1.08145,1.0813,1.0819000000000003,15314.359539345756,Long,SL Hit,2024-07-10 01:30:00,Fib False Breakout Long,1.0813602,0.0005499999999998284,1.0814537,50,uptrend,1.08161,1.08141,2024-07-10 01:30:00,1.0813,-2.2971539309033107,0.0,Loss
1.08634,1.08596,1.0874800000000002,5803.336246491857,Long,TP Hit,2024-07-11 18:10:00,Fib False Breakout Long,1.086658,0.0011499999999999844,1.0865771800000001,50,uptrend,1.08674,1.08619,2024-07-12 07:50:00,1.0874800000000002,6.615803321001535,13.666666666666666,Win
1.08634,1.0861100000000001,1.08703,9588.12075507667,Long,TP Hit,2024-07-11 18:10:00,Fib False Breakout Long,1.086658,0.0011499999999999844,1.08679348,50,uptrend,1.08674,1.08634,2024-07-11 23:20:00,1.08703,6.615803321001535,5.166666666666667,Win
1.08688,1.086686,1.0874620000000002,12049.401237561226,Long,SL Hit,2024-07-12 01:20:00,Fib False Breakout Long,1.086713,0.0009699999999999154,1.086945,50,uptrend,1.0872,1.08688,2024-07-12 01:50:00,1.086686,-2.337583840087209,0.5,Loss
1.08935,1.089548,1.0887560000000003,12238.122372254895,Short,TP Hit,2024-07-15 05:40:00,Fib False Breakout Short,1.0895984,0.00038999999999989043,1.08918276,50,downtrend,1.08947,1.0893,2024-07-15 06:20:00,1.0887560000000003,7.2694446891164874,0.6666666666666666,Win
1.08937,1.0894759999999999,1.0890520000000001,24231.482297068793,Short,TP Hit,2024-07-16 03:30:00,Fib False Breakout Short,1.0894882,0.0005299999999999194,1.08925436,618,downtrend,1.08937,1.0891,2024-07-16 05:10:00,1.0890520000000001,7.705611370463476,1.6666666666666667,Win
1.08934,1.0894359999999998,1.0890520000000004,26755.59503636664,Short,TP Hit,2024-07-16 04:40:00,Fib False Breakout Short,1.0894144,0.0005299999999999194,1.08925436,618,downtrend,1.08933,1.08923,2024-07-16 05:10:00,1.0890520000000004,7.705611370463476,0.5,Win
1.08873,1.089008,1.087896,10348.063231317843,Short,SL Hit,2024-07-22 08:00:00,Fib False Breakout Short,1.0888732,0.0011399999999999189,1.0885203,50,downtrend,1.08878,1.08836,2024-07-22 09:00:00,1.089008,-2.876761578306365,1.0,Loss
1.08877,1.0890279999999999,1.0879960000000004,11150.238675611708,Short,SL Hit,2024-07-22 08:10:00,Fib False Breakout Short,1.0888862000000001,0.0011399999999999189,1.0885203,50,downtrend,1.0888,1.08817,2024-07-22 09:00:00,1.0890279999999999,-2.876761578306365,0.8333333333333334,Loss
1.08895,1.0894000000000001,1.0876,6137.09136705274,Short,TP Hit,2024-07-22 10:30:00,Fib False Breakout Short,1.0888426,0.0010499999999999954,1.08872,50,downtrend,1.08919,1.08854,2024-07-22 14:10:00,1.0876,8.28507334552233,3.6666666666666665,Win
1.08877,1.08906,1.0879000000000003,9523.072810948444,Short,TP Hit,2024-07-22 12:10:00,Fib False Breakout Short,1.0887652,0.0011499999999999844,1.08852412,50,downtrend,1.08883,1.08844,2024-07-22 12:40:00,1.0879000000000003,8.285073345522331,0.5,Win
1.08877,1.08903,1.0879900000000002,10621.888904518792,Short,TP Hit,2024-07-22 12:10:00,Fib False Breakout Short,1.0887652,0.0011499999999999844,1.08872,50,downtrend,1.0888,1.08855,2024-07-22 12:40:00,1.0879900000000002,8.28507334552233,0.5,Win
1.08551,1.0859800000000002,1.0840999999999994,6933.607480647055,Short,TP Hit,2024-07-23 16:20:00,Fib False Breakout Short,1.086023,0.0014000000000000679,1.0853359,618,downtrend,1.0857,1.08522,2024-07-24 07:30:00,1.0840999999999994,9.776386547716351,15.166666666666666,Win
1.08541,1.085794,1.0842580000000002,8486.446656005104,Short,TP Hit,2024-07-23 17:30:00,Fib False Breakout Short,1.0857234,0.0009200000000000319,1.08531,50,downtrend,1.08561,1.08532,2024-07-24 02:40:00,1.0842580000000002,9.776386547716351,9.166666666666666,Win
1.08512,1.085274,1.0846580000000001,21161.009843543605,Short,SL Hit,2024-07-23 19:50:00,Fib False Breakout Short,1.0853546,0.0006200000000000649,1.0851000000000002,50,downtrend,1.08515,1.08503,2024-07-23 20:40:00,1.085274,-3.25879551590545,0.8333333333333334,Loss
1.08514,1.085284,1.0847080000000002,22630.524416022337,Short,SL Hit,2024-07-23 20:10:00,Fib False Breakout Short,1.0853138,0.0006200000000000649,1.08498424,50,downtrend,1.08516,1.08494,2024-07-23 20:40:00,1.085284,-3.2587955159054505,0.5,Loss
1.08478,1.084912,1.084384,25181.601713810836,Short,SL Hit,2024-07-24 05:20:00,Fib False Breakout Short,1.084832,0.0007099999999999884,1.08461,50,downtrend,1.08477,1.08449,2024-07-24 05:20:00,1.084912,-3.323971426223559,0.0,Loss
1.08394,1.0840560000000001,1.0835919999999992,29767.41145385049,Short,SL Hit,2024-07-24 23:30:00,Fib False Breakout Short,1.084367,0.00042999999999993044,1.0838674,50,downtrend,1.08397,1.08383,2024-07-25 00:40:00,1.0840560000000001,-3.453019728653415,1.1666666666666667,Loss
1.08406,1.08427,1.08343,16114.092067045935,Short,SL Hit,2024-07-25 01:10:00,Fib False Breakout Short,1.0841042,0.0006500000000000394,1.08386,50,downtrend,1.08414,1.08374,2024-07-25 03:20:00,1.08427,-3.383959334080347,2.1666666666666665,Loss
1.08386,1.0836219999999999,1.0845740000000006,14218.316529738453,Long,SL Hit,2024-07-25 02:50:00,Fib False Breakout Long,1.0839422,0.0007900000000000684,1.083895,50,uptrend,1.08416,1.08378,2024-07-25 06:30:00,1.0836219999999999,-3.383959334080347,3.6666666666666665,Loss
1.08411,1.08427,1.0836299999999994,21149.745837981016,Short,SL Hit,2024-07-25 03:10:00,Fib False Breakout Short,1.0839522,0.0006500000000000394,1.08380178,618,downtrend,1.08414,1.08364,2024-07-25 03:20:00,1.08427,-3.383959334080347,0.16666666666666666,Loss
1.08488,1.08497,1.0846100000000003,35343.57526709146,Short,SL Hit,2024-07-25 23:10:00,Fib False Breakout Short,1.0852262,0.0005500000000000504,1.08478166,50,downtrend,1.08486,1.08469,2024-07-25 23:20:00,1.08497,-3.1809217740355265,0.16666666666666666,Loss
1.08577,1.0861640000000001,1.0845879999999992,7911.937407494963,Short,SL Hit,2024-07-26 15:20:00,Fib False Breakout Short,1.0856000000000001,0.0016699999999998383,1.08571996,618,downtrend,1.08583,1.08529,2024-07-26 16:10:00,1.0861640000000001,-3.1173033385548155,0.8333333333333334,Loss
1.08613,1.086408,1.085296,10989.05493447379,Short,SL Hit,2024-07-26 18:20:00,Fib False Breakout Short,1.0859543999999999,0.0010399999999999299,1.08578794,618,downtrend,1.0862,1.08582,2024-07-29 01:10:00,1.086408,-3.054957271783719,54.833333333333336,Loss
1.0822,1.08229,1.0819300000000003,33265.09029278434,Short,TP Hit,2024-07-29 23:40:00,Fib False Breakout Short,1.0822094,0.00034999999999985043,1.08218302,618,downtrend,1.08222,1.08203,2024-07-29 23:50:00,1.0819300000000003,8.981574379044135,0.16666666666666666,Win
1.08163,1.0810579999999999,1.0833460000000008,5548.058765607695,Long,TP Hit,2024-07-31 08:30:00,Fib False Breakout Long,1.0822096,0.0018599999999999728,1.0818867,50,uptrend,1.08242,1.08143,2024-07-31 11:00:00,1.0833460000000008,9.520468841786782,2.5,Win
1.083,1.0832439999999999,1.0822680000000002,13786.471273630701,Short,SL Hit,2024-08-01 03:20:00,Fib False Breakout Short,1.0826954,0.0009200000000000319,1.082775,50,downtrend,1.08306,1.08255,2024-08-01 03:30:00,1.0832439999999999,-3.3638989907646635,0.16666666666666666,Loss
1.07892,1.079188,1.0781160000000003,12300.824667724517,Short,SL Hit,2024-08-01 23:50:00,Fib False Breakout Short,1.078943,0.0005900000000000905,1.0789149999999998,50,downtrend,1.07907,1.07886,2024-08-02 03:00:00,1.079188,-3.2966210109493703,3.1666666666666665,Loss
1.07903,1.07932,1.0781599999999996,11367.658658441263,Short,SL Hit,2024-08-02 03:00:00,Fib False Breakout Short,1.0789466,0.0009000000000001229,1.0786484,618,downtrend,1.07914,1.07872,2024-08-02 03:10:00,1.07932,-3.2966210109493703,0.16666666666666666,Loss
1.09118,1.090832,1.092224,9094.126926756493,Long,TP Hit,2024-08-02 19:10:00,Fib False Breakout Long,1.0892762,0.0009400000000001629,1.0912950000000001,50,uptrend,1.09166,1.09102,2024-08-05 03:00:00,1.092224,9.494268511534187,55.833333333333336,Win
1.09106,1.090802,1.0918339999999995,12266.496784934097,Long,TP Hit,2024-08-02 20:50:00,Fib False Breakout Long,1.0908856,0.0008400000000001739,1.0914199999999998,50,uptrend,1.09144,1.09097,2024-08-05 00:20:00,1.0918339999999995,9.494268511534187,51.5,Win
1.09549,1.09605,1.0938100000000004,6329.51234102399,Short,TP Hit,2024-08-06 02:00:00,Fib False Breakout Short,1.0954742,0.0019000000000000128,1.09535,50,downtrend,1.09567,1.09503,2024-08-06 06:40:00,1.0938100000000004,10.63358073291829,4.666666666666667,Win
1.09128,1.090744,1.0928880000000003,7009.698741847918,Long,TP Hit,2024-08-07 09:50:00,Fib False Breakout Long,1.0915945999999999,0.0018299999999999983,1.0914095,618,uptrend,1.09197,1.09111,2024-08-07 14:40:00,1.0928880000000003,11.271595576893386,4.833333333333333,Win
1.09216,1.092414,1.091398,15679.647390430575,Short,SL Hit,2024-08-07 21:30:00,Fib False Breakout Short,1.092373,0.0007200000000000539,1.0921329,618,downtrend,1.09227,1.09195,2024-08-07 22:20:00,1.092414,-3.982630437168997,0.8333333333333334,Loss
1.09263,1.09243,1.09323,19514.889142130232,Long,TP Hit,2024-08-08 01:20:00,Fib False Breakout Long,1.0924909999999999,0.0008500000000000174,1.09267,50,uptrend,1.09317,1.0926,2024-08-08 02:30:00,1.09323,11.70893348527685,1.1666666666666667,Win
1.09132,1.092094,1.0889980000000006,5345.163434279148,Short,SL Hit,2024-08-08 16:00:00,Fib False Breakout Short,1.0918404,0.003270000000000106,1.090755,50,downtrend,1.09144,1.09056,2024-08-09 02:20:00,1.092094,-4.137156498131153,10.333333333333334,Loss
1.09189,1.0917139999999999,1.0924180000000006,23036.439591843613,Long,SL Hit,2024-08-09 19:30:00,Fib False Breakout Long,1.0919611999999999,0.0008300000000001084,1.0921412,50,uptrend,1.09212,1.09188,2024-08-09 20:40:00,1.0917139999999999,-4.054413368168531,1.1666666666666667,Loss
1.09184,1.0920779999999999,1.091126,16694.64328069672,Short,SL Hit,2024-08-12 01:00:00,Fib False Breakout Short,1.092032,0.0007899999999998464,1.0916369400000001,618,downtrend,1.09192,1.09156,2024-08-12 01:10:00,1.0920779999999999,-3.9733251008051593,0.16666666666666666,Loss
1.09208,1.092358,1.091246,14006.685607154855,Short,SL Hit,2024-08-12 09:00:00,Fib False Breakout Short,1.0919466,0.0012400000000001299,1.09189828,50,downtrend,1.09211,1.09161,2024-08-12 09:30:00,1.092358,-3.8938585987890564,0.5,Loss
1.09219,1.0919379999999999,1.0929460000000004,15142.783439726749,Long,SL Hit,2024-08-12 11:30:00,Fib False Breakout Long,1.0920934,0.0012099999999999334,1.09229,50,uptrend,1.09294,1.09218,2024-08-12 14:00:00,1.0919379999999999,-3.8159814268132757,2.5,Loss
1.09304,1.092908,1.093436,28330.771199063754,Long,SL Hit,2024-08-12 20:00:00,Fib False Breakout Long,1.0927470000000001,0.0006599999999998829,1.0930749999999998,50,uptrend,1.09332,1.09304,2024-08-12 20:20:00,1.092908,-3.73966179827701,0.3333333333333333,Loss
1.09929,1.099374,1.0990380000000002,43629.387646579155,Short,SL Hit,2024-08-14 05:00:00,Fib False Breakout Short,1.0993346,0.00046999999999997044,1.09919706,618,downtrend,1.09928,1.09902,2024-08-14 05:00:00,1.099374,-3.6648685623114705,0.0,Loss
1.09929,1.09944,1.0988400000000005,23943.807940455292,Short,TP Hit,2024-08-14 05:30:00,Fib False Breakout Short,1.0993396,0.0005999999999999339,1.09919706,50,downtrend,1.09932,1.09915,2024-08-14 06:00:00,1.0988400000000005,10.77471357319572,0.5,Win
1.1013,1.101444,1.1008679999999995,26437.954600870467,Short,TP Hit,2024-08-15 00:50:00,Fib False Breakout Short,1.1013694,0.00046999999999997044,1.1012092,618,downtrend,1.10135,1.1011,2024-08-15 01:00:00,1.1008679999999995,11.421196387587464,0.16666666666666666,Win
1.10083,1.101076,1.100092,16404.428415778133,Short,SL Hit,2024-08-15 03:30:00,Fib False Breakout Short,1.1011266,0.0007800000000000029,1.1008198599999999,50,downtrend,1.10092,1.10076,2024-08-15 04:40:00,1.101076,-4.035489390280904,1.1666666666666667,Loss
1.10082,1.101006,1.1002619999999999,21696.179517636996,Short,SL Hit,2024-08-15 04:00:00,Fib False Breakout Short,1.1010956,0.0007299999999998974,1.10076256,618,downtrend,1.10086,1.10075,2024-08-15 04:00:00,1.101006,-4.035489390280904,0.0,Loss
1.09847,1.09946,1.0955,3913.2018329994808,Short,SL Hit,2024-08-15 15:50:00,Fib False Breakout Short,1.0994742,0.0033999999999998476,1.0981999999999998,50,downtrend,1.09878,1.09828,2024-08-16 13:10:00,1.09946,-3.8740698146696677,21.333333333333332,Loss
1.0978,1.098144,1.0967680000000004,11261.830856601147,Short,SL Hit,2024-08-15 18:40:00,Fib False Breakout Short,1.098433,0.0016700000000000603,1.09726,50,downtrend,1.09781,1.09738,2024-08-16 02:40:00,1.098144,-3.8740698146696677,8.0,Loss
1.09746,1.097674,1.0968180000000003,18103.12997509728,Short,SL Hit,2024-08-16 00:40:00,Fib False Breakout Short,1.097479,0.0005699999999999594,1.09737706,50,downtrend,1.09756,1.0972,2024-08-16 01:20:00,1.097674,-3.8740698146696677,0.6666666666666666,Loss
1.10845,1.108732,1.1076039999999996,12913.566048893605,Short,TP Hit,2024-08-20 02:10:00,Fib False Breakout Short,1.1083896,0.0007099999999999884,1.108385,50,downtrend,1.10859,1.10821,2024-08-20 03:30:00,1.1076039999999996,10.924876877368463,1.3333333333333333,Win
1.11217,1.112594,1.1108980000000002,9104.06406447415,Short,SL Hit,2024-08-21 09:30:00,Fib False Breakout Short,1.1119642,0.0018199999999999328,1.11196,50,downtrend,1.11223,1.11184,2024-08-21 12:30:00,1.112594,-3.860123163336857,3.0,Loss
1.11418,1.115464,1.1103279999999998,2946.1999221728465,Short,TP Hit,2024-08-22 08:20:00,Fib False Breakout Short,1.1144882,0.003670000000000062,1.11415194,618,downtrend,1.11473,1.11275,2024-08-22 14:20:00,1.1103279999999998,11.34876210021036,6.0,Win
1.11443,1.115624,1.1108480000000003,3168.2752931912746,Short,TP Hit,2024-08-22 08:50:00,Fib False Breakout Short,1.114449,0.003670000000000062,1.11415194,618,downtrend,1.11489,1.11418,2024-08-22 14:00:00,1.1108480000000003,11.34876210021036,5.166666666666667,Win
1.11101,1.11135,1.10999,12461.385835524847,Short,SL Hit,2024-08-22 19:10:00,Fib False Breakout Short,1.1118414,0.0012499999999999734,1.1108850000000001,50,downtrend,1.1111,1.11065,2024-08-22 22:10:00,1.11135,-4.2368711840785345,3.0,Loss
1.11223,1.112654,1.1109580000000001,9792.768302823491,Short,TP Hit,2024-08-23 08:40:00,Fib False Breakout Short,1.1124254,0.0019200000000001438,1.11199344,618,downtrend,1.11227,1.11187,2024-08-23 13:10:00,1.1109580000000001,12.456401281190892,4.5,Win
1.11238,1.112774,1.111198,10538.410559383012,Short,TP Hit,2024-08-23 09:20:00,Fib False Breakout Short,1.1124558,0.0019200000000001438,1.11199344,618,downtrend,1.11239,1.11209,2024-08-23 13:10:00,1.111198,12.456401281190892,3.8333333333333335,Win
1.11661,1.1163599999999998,1.117360000000001,18601.559246555666,Long,TP Hit,2024-08-27 07:10:00,Fib False Breakout Long,1.1166584,0.001100000000000101,1.11673324,50,uptrend,1.11714,1.11658,2024-08-27 08:30:00,1.117360000000001,13.9511694349338,1.3333333333333333,Win
1.11698,1.116616,1.1180720000000002,13542.34395698587,Long,SL Hit,2024-08-27 09:50:00,Fib False Breakout Long,1.1168404,0.0016700000000000603,1.11701,50,uptrend,1.11782,1.11695,2024-08-27 10:20:00,1.116616,-4.929413200343276,0.5,Loss
1.1163,1.1166699999999998,1.1151900000000008,13056.283611728519,Short,SL Hit,2024-08-27 16:10:00,Fib False Breakout Short,1.1165082000000002,0.0013000000000000789,1.11586984,618,downtrend,1.11641,1.11592,2024-08-27 17:00:00,1.1166699999999998,-4.830824936336411,0.8333333333333334,Loss
1.10989,1.1101400000000001,1.1091399999999998,18936.833750432404,Short,TP Hit,2024-08-29 11:50:00,Fib False Breakout Short,1.1113804,0.0012500000000001954,1.1096800800000002,50,downtrend,1.10989,1.10949,2024-08-29 12:00:00,1.1091399999999998,14.202625312829046,0.16666666666666666,Win
1.10836,1.109114,1.1060980000000002,6655.518493192024,Short,TP Hit,2024-08-29 13:30:00,Fib False Breakout Short,1.1104242,0.00266999999999995,1.10828196,50,downtrend,1.10858,1.10748,2024-08-29 14:20:00,1.1060980000000002,15.05478283159879,0.8333333333333334,Win
1.10836,1.1092520000000001,1.1056839999999997,5963.404260647482,Short,SL Hit,2024-08-29 16:40:00,Fib False Breakout Short,1.108496,0.003209999999999935,1.107775,50,downtrend,1.10861,1.10784,2024-08-30 08:20:00,1.1092520000000001,-5.3193566004982396,15.666666666666666,Loss
1.10775,1.107932,1.1072040000000003,29227.23406868699,Short,SL Hit,2024-08-29 21:00:00,Fib False Breakout Short,1.1078642,0.0006599999999998829,1.1077270399999999,50,downtrend,1.1078,1.10748,2024-08-29 22:50:00,1.107932,-5.3193566004982396,1.8333333333333333,Loss
1.10789,1.107992,1.107584,52150.554906821715,Short,SL Hit,2024-08-29 22:50:00,Fib False Breakout Short,1.1078716,0.0005100000000000104,1.10785818,618,downtrend,1.10789,1.10777,2024-08-29 22:50:00,1.107992,-5.3193566004982396,0.0,Loss
1.1076,1.1078400000000002,1.1068799999999992,21277.426401971676,Short,SL Hit,2024-08-30 05:50:00,Fib False Breakout Short,1.1076869999999999,0.000600000000000156,1.1074804200000001,618,downtrend,1.10772,1.1075,2024-08-30 06:40:00,1.1078400000000002,-5.10658233647831,0.8333333333333334,Loss
1.10771,1.10783,1.1073499999999996,42554.85280394335,Short,SL Hit,2024-08-30 06:00:00,Fib False Breakout Short,1.1076848000000001,0.000600000000000156,1.1076350000000001,50,downtrend,1.10771,1.10751,2024-08-30 06:40:00,1.10783,-5.10658233647831,0.6666666666666666,Loss
1.10777,1.107922,1.1073139999999995,33595.936424165804,Short,SL Hit,2024-08-30 06:10:00,Fib False Breakout Short,1.1076832,0.000660000000000105,1.1075949999999999,50,downtrend,1.10779,1.10755,2024-08-30 06:40:00,1.107922,-5.10658233647831,0.5,Loss
1.10828,1.108954,1.1062579999999997,6964.095347595258,Short,TP Hit,2024-08-30 10:00:00,Fib False Breakout Short,1.1078404,0.0021199999999998997,1.10810096,50,downtrend,1.10853,1.10739,2024-08-30 13:00:00,1.1062579999999997,14.081400792838938,3.0,Win
1.10799,1.107526,1.109382,10115.948845429835,Long,SL Hit,2024-08-30 10:20:00,Fib False Breakout Long,1.1078698,0.0021199999999998997,1.10810714,50,uptrend,1.10851,1.10795,2024-08-30 12:40:00,1.107526,-4.693800264279646,2.3333333333333335,Loss
1.10624,1.1059059999999998,1.107242,14615.42597260481,Long,TP Hit,2024-09-02 11:40:00,Fib False Breakout Long,1.106086,0.0011699999999998933,1.106625,50,uptrend,1.10676,1.10614,2024-09-02 19:40:00,1.107242,14.644656824552495,8.0,Win
1.10613,1.1058780000000001,1.1068859999999998,19371.23918592223,Long,TP Hit,2024-09-02 12:10:00,Fib False Breakout Long,1.106135,0.0011100000000001664,1.1064213,618,uptrend,1.10654,1.1061,2024-09-02 12:40:00,1.1068859999999998,14.644656824552495,0.5,Win
1.10418,1.103744,1.1054879999999996,12539.767311546846,Long,SL Hit,2024-09-03 16:40:00,Fib False Breakout Long,1.1043746,0.0018800000000001038,1.10468026,618,uptrend,1.10472,1.10412,2024-09-03 17:00:00,1.103744,-5.467338547832932,0.3333333333333333,Loss
1.10792,1.1077080000000001,1.1085559999999997,25273.546117355345,Long,SL Hit,2024-09-05 01:00:00,Fib False Breakout Long,1.107952,0.0009600000000000719,1.10797638,618,uptrend,1.10822,1.1079,2024-09-05 03:10:00,1.1077080000000001,-5.357991776876274,2.1666666666666665,Loss
1.11102,1.11091,1.1113499999999994,47734.83583042496,Long,TP Hit,2024-09-06 02:50:00,Fib False Breakout Long,1.11097,0.0004999999999999449,1.11109302,618,uptrend,1.11125,1.11101,2024-09-06 03:10:00,1.1113499999999994,15.752495824016245,0.3333333333333333,Win
1.10372,1.103464,1.1044880000000001,21741.726007102872,Long,SL Hit,2024-09-10 10:20:00,Fib False Breakout Long,1.1038526,0.0009799999999999809,1.10390322,618,uptrend,1.10422,1.10366,2024-09-10 10:30:00,1.103464,-5.565881857819074,0.16666666666666666,Loss
1.10372,1.103524,1.1043080000000003,28397.35641743194,Long,SL Hit,2024-09-10 10:20:00,Fib False Breakout Long,1.1038526,0.0009799999999999809,1.10390322,618,uptrend,1.10423,1.10372,2024-09-10 10:30:00,1.103524,-5.565881857819074,0.16666666666666666,Loss
1.10272,1.103006,1.101862,18682.680361909624,Short,TP Hit,2024-09-10 16:40:00,Fib False Breakout Short,1.1030777999999999,0.0013799999999999368,1.102605,50,downtrend,1.10273,1.10226,2024-09-11 00:00:00,1.101862,16.02973975051893,7.333333333333333,Win
1.10259,1.102764,1.1020679999999996,30708.313698291215,Short,TP Hit,2024-09-10 18:40:00,Fib False Breakout Short,1.1027832,0.0008200000000000429,1.1025,50,downtrend,1.1026,1.10208,2024-09-10 20:50:00,1.1020679999999996,16.02973975051893,2.1666666666666665,Win
1.10254,1.1028520000000002,1.1016039999999998,17125.790331746055,Short,SL Hit,2024-09-10 19:20:00,Fib False Breakout Short,1.1026836,0.0007099999999999884,1.10244,50,downtrend,1.10271,1.10247,2024-09-11 01:30:00,1.1028520000000002,-5.3432465835063105,6.166666666666667,Loss
1.10442,1.104056,1.105512,16147.173741363851,Long,SL Hit,2024-09-11 10:30:00,Fib False Breakout Long,1.104322,0.0010200000000000209,1.104435,50,uptrend,1.10483,1.10426,2024-09-11 12:30:00,1.104056,-5.877571241856942,2.0,Loss
1.10848,1.109024,1.1068479999999996,10588.271722460928,Short,SL Hit,2024-09-13 12:20:00,Fib False Breakout Short,1.1086626,0.0018199999999999328,1.10837432,50,downtrend,1.10866,1.10812,2024-09-13 12:50:00,1.109024,-5.760019817019803,0.5,Loss
1.10875,1.10836,1.1099199999999996,14473.895950464086,Long,SL Hit,2024-09-13 15:30:00,Fib False Breakout Long,1.1089922,0.0018000000000000238,1.1087895,618,uptrend,1.10942,1.10872,2024-09-13 15:30:00,1.10836,-5.644819420679408,0.0,Loss
1.11215,1.11164,1.11368,10846.907906403345,Long,TP Hit,2024-09-16 14:50:00,Fib False Breakout Long,1.1122294,0.0020999999999999908,1.1124313000000001,618,uptrend,1.11298,1.11206,2024-09-17 08:30:00,1.11368,16.595769096797458,17.666666666666668,Win
1.11217,1.111852,1.1131240000000002,18439.743440883718,Long,SL Hit,2024-09-18 06:40:00,Fib False Breakout Long,1.1123522,0.0008399999999999519,1.11226896,50,uptrend,1.11262,1.11202,2024-09-18 06:50:00,1.111852,-5.863838414201768,0.16666666666666666,Loss
1.11319,1.111436,1.1184519999999993,3276.260915574887,Long,SL Hit,2024-09-18 19:30:00,Fib False Breakout Long,1.1129602,0.007119999999999793,1.11389364,618,uptrend,1.11503,1.11286,2024-09-18 19:40:00,1.111436,-5.746561645917733,0.16666666666666666,Loss
1.11608,1.1159739999999998,1.1163980000000004,53128.58880179997,Long,SL Hit,2024-09-19 23:00:00,Fib False Breakout Long,1.1156620000000002,0.00048000000000003595,1.11615346,50,uptrend,1.11622,1.11607,2024-09-19 23:00:00,1.1159739999999998,-5.631630412999378,0.0,Loss
1.11609,1.116282,1.1155140000000001,28744.780233022157,Short,SL Hit,2024-09-20 02:40:00,Fib False Breakout Short,1.1161326,0.0006599999999998829,1.1159883,50,downtrend,1.11615,1.1158,2024-09-20 03:00:00,1.116282,-5.518997804739391,0.3333333333333333,Loss
1.11604,1.116432,1.1148639999999994,13797.494511842493,Short,SL Hit,2024-09-20 18:40:00,Fib False Breakout Short,1.1159982,0.0018599999999999728,1.115605,50,downtrend,1.11606,1.11577,2024-09-20 18:50:00,1.116432,-5.408617848644603,0.16666666666666666,Loss
1.11249,1.111844,1.1144279999999998,8205.023980916922,Long,TP Hit,2024-09-24 11:40:00,Fib False Breakout Long,1.112453,0.0023800000000000487,1.11252,50,uptrend,1.11262,1.11232,2024-09-24 14:00:00,1.1144279999999998,15.901336475015134,2.3333333333333335,Win
1.11856,1.118882,1.1175940000000002,17448.67149432663,Short,SL Hit,2024-09-25 11:20:00,Fib False Breakout Short,1.1190196000000001,0.0014099999999999113,1.11852524,618,downtrend,1.1186,1.11811,2024-09-25 11:50:00,1.118882,-5.618472221172014,0.5,Loss
1.11321,1.113424,1.1125680000000002,25729.45222780471,Short,SL Hit,2024-09-25 22:10:00,Fib False Breakout Short,1.114265,0.0009199999999998099,1.1130300000000002,50,downtrend,1.11324,1.11305,2024-09-26 00:10:00,1.113424,-5.506102776748573,2.0,Loss
1.11321,1.113406,1.1126220000000004,28092.36110587971,Short,SL Hit,2024-09-25 22:50:00,Fib False Breakout Short,1.1138252,0.0008299999999998864,1.1132,50,downtrend,1.11324,1.11316,2024-09-26 00:00:00,1.113406,-5.506102776748573,1.1666666666666667,Loss
1.11403,1.113194,1.1165380000000003,6322.7974469835635,Long,SL Hit,2024-09-26 13:20:00,Fib False Breakout Long,1.1148666,0.00283000000000011,1.11457,50,uptrend,1.11562,1.11376,2024-09-26 14:00:00,1.113194,-5.2858586656786315,0.6666666666666666,Loss
1.1177,1.117416,1.1185519999999998,18239.934832274485,Long,SL Hit,2024-09-26 21:00:00,Fib False Breakout Long,1.116889,0.0010699999999999044,1.11778,50,uptrend,1.11792,1.11763,2024-09-26 23:20:00,1.117416,-5.180141492365059,2.3333333333333335,Loss
1.11707,1.116244,1.119548,6145.930584161983,Long,SL Hit,2024-09-27 15:10:00,Fib False Breakout Long,1.1161032,0.0034799999999999276,1.11729888,618,uptrend,1.11855,1.11694,2024-09-27 15:40:00,1.116244,-5.076538662517757,0.5,Loss
1.11618,1.116652,1.1147639999999999,10540.270951837094,Short,SL Hit,2024-09-30 07:10:00,Fib False Breakout Short,1.1163750000000001,0.0013600000000000279,1.11616244,50,downtrend,1.11638,1.11562,2024-09-30 07:40:00,1.116652,-4.975007889267403,0.5,Loss
1.11347,1.1137460000000001,1.1126419999999995,17664.883085069345,Short,SL Hit,2024-09-30 21:40:00,Fib False Breakout Short,1.114434,0.0012799999999999478,1.11321596,618,downtrend,1.11349,1.11288,2024-09-30 22:10:00,1.1137460000000001,-4.875507731482054,0.5,Loss
1.1065,1.107018,1.104946,9223.933546046801,Short,SL Hit,2024-10-01 18:10:00,Fib False Breakout Short,1.1073574,0.0025399999999999867,1.10615238,618,downtrend,1.10651,1.1057,2024-10-01 18:40:00,1.107018,-4.777997576852413,0.5,Loss
1.10674,1.107182,1.105414,10593.750283517644,Short,SL Hit,2024-10-02 07:20:00,Fib False Breakout Short,1.1066878000000002,0.0018599999999999728,1.1064,50,downtrend,1.10681,1.10633,2024-10-02 08:10:00,1.107182,-4.682437625315365,0.8333333333333334,Loss
1.10705,1.10768,1.1051600000000004,7283.791861602738,Short,TP Hit,2024-10-02 10:10:00,Fib False Breakout Short,1.1067486000000002,0.0021500000000000963,1.10651634,618,downtrend,1.10725,1.10639,2024-10-02 13:30:00,1.1051600000000004,13.766366618427174,3.3333333333333335,Win
1.1069,1.106558,1.1079260000000002,13417.511324000565,Long,SL Hit,2024-10-02 11:10:00,Fib False Breakout Long,1.1067712,0.0015100000000001224,1.106905,50,uptrend,1.10765,1.10686,2024-10-02 12:20:00,1.106558,-4.588788872809058,1.1666666666666667,Loss
1.1046,1.104754,1.104138,30989.223556635116,Short,TP Hit,2024-10-03 00:00:00,Fib False Breakout Short,1.1046141999999999,0.0005699999999999594,1.1044749999999999,50,downtrend,1.10464,1.10437,2024-10-03 00:20:00,1.104138,14.317021283164259,0.3333333333333333,Win
1.10356,1.103234,1.1045380000000002,15517.425930625623,Long,SL Hit,2024-10-03 10:40:00,Fib False Breakout Long,1.103509,0.0012300000000000644,1.103585,50,uptrend,1.10412,1.10348,2024-10-03 13:00:00,1.103234,-5.058680853384705,2.3333333333333335,Loss
1.10356,1.103294,1.1043580000000004,19017.59719316847,Long,TP Hit,2024-10-03 10:40:00,Fib False Breakout Long,1.103509,0.0012300000000000644,1.1036000000000001,50,uptrend,1.10391,1.10354,2024-10-03 11:30:00,1.1043580000000004,15.176042560154114,0.8333333333333334,Win
1.10337,1.104078,1.1012460000000002,7430.830632091252,Short,TP Hit,2024-10-03 17:40:00,Fib False Breakout Short,1.1032042,0.002389999999999892,1.10276,50,downtrend,1.1036,1.10313,2024-10-04 12:30:00,1.1012460000000002,15.783084262560278,18.833333333333332,Win
1.09712,1.096966,1.097582,36212.27125176463,Long,SL Hit,2024-10-07 04:40:00,Fib False Breakout Long,1.0972484,0.0007699999999999374,1.09718908,50,uptrend,1.0973,1.09712,2024-10-07 04:50:00,1.096966,-5.576689772771299,0.16666666666666666,Loss
1.09709,1.0973119999999998,1.096424,24617.819717645227,Short,TP Hit,2024-10-07 07:10:00,Fib False Breakout Short,1.0971824000000001,0.0009099999999999664,1.09689098,618,downtrend,1.09713,1.09638,2024-10-07 07:10:00,1.096424,16.395467931947618,0.0,Win
1.09654,1.097376,1.0940320000000006,6929.503990377937,Short,SL Hit,2024-10-07 11:00:00,Fib False Breakout Short,1.096833,0.0022300000000001763,1.0963735399999999,618,downtrend,1.09693,1.09617,2024-10-07 11:30:00,1.097376,-5.793065335954825,0.5,Loss
1.09654,1.0973359999999999,1.0941520000000007,7277.720271301889,Short,SL Hit,2024-10-07 11:00:00,Fib False Breakout Short,1.096833,0.0022300000000001763,1.0963735399999999,618,downtrend,1.09689,1.09636,2024-10-07 11:30:00,1.0973359999999999,-5.793065335954825,0.5,Loss
1.09762,1.0978359999999998,1.0969720000000007,25746.957048715292,Short,TP Hit,2024-10-09 00:30:00,Fib False Breakout Short,1.097585,0.0006800000000000139,1.09758,50,downtrend,1.0977,1.09742,2024-10-09 02:30:00,1.0969720000000007,16.684028167549894,2.0,Win
1.09615,1.096506,1.0950819999999999,16559.054173784407,Short,SL Hit,2024-10-09 09:30:00,Fib False Breakout Short,1.0966192,0.0015799999999999148,1.09607118,618,downtrend,1.09619,1.09572,2024-10-09 09:40:00,1.096506,-5.895023285867629,0.16666666666666666,Loss
1.094,1.094126,1.0936220000000005,45850.18111235893,Short,SL Hit,2024-10-09 23:10:00,Fib False Breakout Short,1.0941878,0.0004799999999998139,1.0938783,618,downtrend,1.09403,1.09381,2024-10-09 23:30:00,1.094126,-5.777122820150277,0.3333333333333333,Loss
1.09345,1.093184,1.0942480000000003,21284.136705808847,Long,SL Hit,2024-10-10 11:30:00,Fib False Breakout Long,1.0937456,0.001180000000000181,1.0935549999999998,50,uptrend,1.09397,1.09342,2024-10-10 11:30:00,1.093184,-5.661580363747271,0.0,Loss
1.09341,1.0935979999999998,1.0928460000000004,29512.49338551387,Short,SL Hit,2024-10-11 02:30:00,Fib False Breakout Short,1.0932515999999999,0.0008400000000001739,1.0930650000000002,50,downtrend,1.09343,1.09296,2024-10-11 02:30:00,1.0935979999999998,-5.548348756472326,0.0,Loss
1.09383,1.094328,1.0923360000000004,10918.43731193596,Short,SL Hit,2024-10-11 13:40:00,Fib False Breakout Short,1.0938226,0.0024399999999999977,1.09368668,50,downtrend,1.09384,1.09286,2024-10-11 14:10:00,1.094328,-5.4373817813428795,0.5,Loss
1.09262,1.092876,1.0918519999999998,20814.97713170045,Short,SL Hit,2024-10-14 03:20:00,Fib False Breakout Short,1.093379,0.0009299999999998754,1.0926019599999999,50,downtrend,1.09269,1.09242,2024-10-14 03:20:00,1.092876,-5.3286341457160225,0.0,Loss
1.09247,1.092606,1.0920620000000003,38397.51075591916,Short,SL Hit,2024-10-14 05:20:00,Fib False Breakout Short,1.0929144,0.0006800000000000139,1.09234602,50,downtrend,1.09247,1.09236,2024-10-14 06:00:00,1.092606,-5.222061462801702,0.6666666666666666,Loss
1.0906,1.090768,1.0900960000000002,30462.02519968639,Short,SL Hit,2024-10-15 01:10:00,Fib False Breakout Short,1.0905293999999999,0.0006399999999999739,1.0905432400000001,50,downtrend,1.09064,1.09041,2024-10-15 01:10:00,1.090768,-5.117620233545668,0.0,Loss
1.08606,1.0858860000000001,1.0865819999999997,28823.378326883554,Long,SL Hit,2024-10-17 01:30:00,Fib False Breakout Long,1.0860238,0.0007200000000000539,1.08616716,618,uptrend,1.08643,1.08603,2024-10-17 03:10:00,1.0858860000000001,-5.015267828874754,1.6666666666666667,Loss
1.08275,1.08298,1.0820600000000002,21369.402053470763,Short,SL Hit,2024-10-17 19:40:00,Fib False Breakout Short,1.0832798,0.001100000000000101,1.0827499999999999,50,downtrend,1.08276,1.08236,2024-10-17 20:30:00,1.08298,-4.91496247229726,0.8333333333333334,Loss
1.08275,1.08298,1.0820600000000002,21369.402053470763,Short,SL Hit,2024-10-17 19:40:00,Fib False Breakout Short,1.0832798,0.001100000000000101,1.0827499999999999,50,downtrend,1.08276,1.08259,2024-10-17 20:30:00,1.08298,-4.91496247229726,0.8333333333333334,Loss
1.08292,1.0830879999999998,1.082416000000001,28085.499841744782,Short,SL Hit,2024-10-18 00:00:00,Fib False Breakout Short,1.0828478,0.0007899999999998464,1.08273054,618,downtrend,1.08293,1.08272,2024-10-18 00:40:00,1.0830879999999998,-4.71836397340537,0.6666666666666666,Loss
1.08372,1.08349,1.0844099999999999,20104.333451905295,Long,TP Hit,2024-10-18 08:40:00,Fib False Breakout Long,1.0838448,0.0011499999999999844,1.08414312,50,uptrend,1.08401,1.08372,2024-10-18 10:30:00,1.0844099999999999,13.871990081811786,1.8333333333333333,Win
1.08656,1.0864619999999998,1.0868540000000004,50014.65811801857,Long,SL Hit,2024-10-21 03:20:00,Fib False Breakout Long,1.0864745999999998,0.00043999999999999595,1.086595,50,uptrend,1.08673,1.08655,2024-10-21 04:10:00,1.0864619999999998,-4.901436495573498,0.8333333333333334,Loss
1.08565,1.08594,1.0847800000000003,16563.475054012622,Short,TP Hit,2024-10-21 09:30:00,Fib False Breakout Short,1.0859804,0.0011499999999999844,1.085555,50,downtrend,1.08571,1.08543,2024-10-21 09:50:00,1.0847800000000003,14.410223296986084,0.3333333333333333,Win
1.08577,1.086028,1.0849959999999996,18617.859556822965,Short,TP Hit,2024-10-21 09:40:00,Fib False Breakout Short,1.0859642,0.0011900000000000244,1.085575,50,downtrend,1.08579,1.08526,2024-10-21 09:50:00,1.0849959999999996,14.410223296986084,0.16666666666666666,Win
1.08517,1.085428,1.0843959999999997,20852.002703641716,Short,SL Hit,2024-10-21 12:20:00,Fib False Breakout Short,1.0854354,0.001140000000000141,1.08500188,618,downtrend,1.0852,1.08481,2024-10-21 12:20:00,1.085428,-5.379816697541471,0.0,Loss
1.08166,1.081812,1.0812040000000003,34685.66028679652,Short,SL Hit,2024-10-21 22:50:00,Fib False Breakout Short,1.0818656000000002,0.000660000000000105,1.08157458,50,downtrend,1.08168,1.08147,2024-10-22 01:00:00,1.081812,-5.272220363590642,2.1666666666666665,Loss
1.07975,1.07985,1.07945,51667.75956319398,Short,TP Hit,2024-10-23 00:30:00,Fib False Breakout Short,1.0800076,0.0004999999999999449,1.07962526,50,downtrend,1.07975,1.07967,2024-10-23 00:40:00,1.07945,15.500327868956486,0.16666666666666666,Win
1.07802,1.0785879999999999,1.0763160000000003,9642.222735385398,Short,SL Hit,2024-10-23 14:30:00,Fib False Breakout Short,1.0780732,0.0021899999999999142,1.07742,50,downtrend,1.07815,1.0773,2024-10-23 19:40:00,1.0785879999999999,-5.47678251369796,5.166666666666667,Loss
1.07802,1.078538,1.076466,10572.93921563275,Short,SL Hit,2024-10-23 14:30:00,Fib False Breakout Short,1.0780732,0.0021899999999999142,1.07741,50,downtrend,1.0781,1.07741,2024-10-23 19:40:00,1.078538,-5.47678251369796,5.166666666666667,Loss
1.0826,1.082808,1.081976,25277.457755530744,Short,TP Hit,2024-10-25 03:00:00,Fib False Breakout Short,1.082529,0.0007399999999999629,1.0824500000000001,50,downtrend,1.08266,1.08242,2024-10-25 06:10:00,1.081976,15.773133639450121,3.1666666666666665,Win
1.08254,1.082342,1.0831340000000005,28147.342858257736,Long,SL Hit,2024-10-25 11:10:00,Fib False Breakout Long,1.0823201999999998,0.0005399999999999849,1.08256,50,uptrend,1.08278,1.08245,2024-10-25 11:20:00,1.082342,-5.573173885939043,0.16666666666666666,Loss
1.08252,1.0822580000000002,1.0833059999999992,20846.222932157307,Long,TP Hit,2024-10-25 12:10:00,Fib False Breakout Long,1.082347,0.0007600000000000939,1.08256,50,uptrend,1.08263,1.08241,2024-10-25 12:30:00,1.0833059999999992,16.385131224660785,0.3333333333333333,Win
1.08049,1.08162,1.0770999999999997,5123.374365232824,Short,SL Hit,2024-10-29 14:30:00,Fib False Breakout Short,1.0804558,0.0042999999999999705,1.07977,50,downtrend,1.08076,1.07878,2024-10-29 20:40:00,1.08162,-5.789413032713477,6.166666666666667,Loss
1.0819,1.081606,1.0827820000000001,19298.043442377177,Long,TP Hit,2024-10-30 08:00:00,Fib False Breakout Long,1.081909,0.0012199999999999989,1.081975,50,uptrend,1.08217,1.08185,2024-10-30 08:00:00,1.0827820000000001,17.020874316177622,0.0,Win
1.08322,1.08276,1.0846000000000005,13074.004909524132,Long,SL Hit,2024-10-30 11:30:00,Fib False Breakout Long,1.0826154000000001,0.0020999999999999908,1.0832293400000002,50,uptrend,1.08369,1.08318,2024-10-30 11:40:00,1.08276,-6.01404225838276,0.16666666666666666,Loss
1.08322,1.08276,1.0846000000000005,13074.004909524132,Long,SL Hit,2024-10-30 11:30:00,Fib False Breakout Long,1.0826154000000001,0.0020999999999999908,1.08324788,618,uptrend,1.08363,1.08318,2024-10-30 11:40:00,1.08276,-6.01404225838276,0.16666666666666666,Loss
1.08594,1.08558,1.0870199999999997,16037.446022357775,Long,SL Hit,2024-10-30 20:40:00,Fib False Breakout Long,1.0852436,0.0014999999999998348,1.086005,50,uptrend,1.08619,1.08588,2024-10-30 20:50:00,1.08558,-5.773480568047451,0.16666666666666666,Loss
1.08508,1.085228,1.084636,38229.80376138573,Short,SL Hit,2024-10-31 06:10:00,Fib False Breakout Short,1.085279,0.0006900000000000794,1.08495862,618,downtrend,1.08509,1.08488,2024-10-31 06:40:00,1.085228,-5.6580109566865024,0.5,Loss
1.08518,1.0853519999999999,1.0846640000000005,32237.504288127697,Short,SL Hit,2024-10-31 07:00:00,Fib False Breakout Short,1.085224,0.0009099999999999664,1.08497,50,downtrend,1.08517,1.08502,2024-10-31 07:20:00,1.0853519999999999,-5.544850737552772,0.3333333333333333,Loss
1.08536,1.084882,1.0867940000000007,11368.104022592965,Long,TP Hit,2024-10-31 08:50:00,Fib False Breakout Long,1.0851718,0.0015899999999999803,1.08545,50,uptrend,1.08609,1.0852,2024-10-31 10:00:00,1.0867940000000007,16.30186116840515,1.1666666666666667,Win
1.08629,1.08668,1.0851199999999996,14769.207554277327,Short,SL Hit,2024-10-31 17:20:00,Fib False Breakout Short,1.0865604,0.0019000000000000128,1.08625766,618,downtrend,1.0863,1.08557,2024-10-31 18:00:00,1.08668,-5.759990946169819,0.6666666666666666,Loss
1.08629,1.08668,1.0851199999999996,14769.207554277327,Short,SL Hit,2024-10-31 17:20:00,Fib False Breakout Short,1.0865604,0.0019000000000000128,1.08625766,618,downtrend,1.0863,1.08553,2024-10-31 18:00:00,1.08668,-5.759990946169819,0.6666666666666666,Loss
1.0876,1.087884,1.0867479999999994,19470.391930703023,Short,TP Hit,2024-11-01 07:30:00,Fib False Breakout Short,1.0878702,0.0006700000000001705,1.0874834599999998,50,downtrend,1.08775,1.0873,2024-11-01 08:00:00,1.0867479999999994,16.588773924969082,0.5,Win
1.09026,1.0899180000000002,1.0912859999999995,17138.499376681604,Long,SL Hit,2024-11-04 14:40:00,Fib False Breakout Long,1.089941,0.0016100000000001113,1.0903450000000001,50,uptrend,1.09098,1.09024,2024-11-04 15:40:00,1.0899180000000002,-5.861366786822408,1.0,Loss
1.08993,1.0895879999999998,1.090956000000001,16795.72938912616,Long,SL Hit,2024-11-04 16:00:00,Fib False Breakout Long,1.0900884,0.0014100000000001334,1.09042,50,uptrend,1.0908,1.08987,2024-11-04 16:00:00,1.0895879999999998,-5.744139451085959,0.0,Loss
1.08775,1.088036,1.086892,19682.715601622636,Short,SL Hit,2024-11-05 03:40:00,Fib False Breakout Short,1.0877058000000002,0.0006800000000000139,1.0876229,50,downtrend,1.0879,1.08754,2024-11-05 06:50:00,1.088036,-5.629256662064241,3.1666666666666665,Loss
1.08775,1.08784,1.0874800000000002,62547.29624521141,Short,SL Hit,2024-11-05 04:40:00,Fib False Breakout Short,1.087669,0.00045000000000006146,1.087625,50,downtrend,1.08775,1.08754,2024-11-05 05:30:00,1.08784,-5.629256662064241,0.8333333333333334,Loss
1.07141,1.071922,1.0698739999999998,10554.85624136905,Short,SL Hit,2024-11-08 20:30:00,Fib False Breakout Short,1.0733088,0.0018600000000001948,1.07119828,618,downtrend,1.07155,1.0709,2024-11-11 01:00:00,1.071922,-5.404086395581671,52.5,Loss
1.0714,1.0707579999999999,1.073326,8249.228454314298,Long,SL Hit,2024-11-11 05:00:00,Fib False Breakout Long,1.0715652,0.0019100000000000783,1.0716196199999999,50,uptrend,1.0717,1.07114,2024-11-11 07:30:00,1.0707579999999999,-5.296004667670038,2.5,Loss
1.0714,1.0710179999999998,1.0725460000000002,13863.88656457746,Long,SL Hit,2024-11-11 05:00:00,Fib False Breakout Long,1.0715652,0.0019100000000000783,1.0716196199999999,50,uptrend,1.07147,1.0714,2024-11-11 07:20:00,1.0710179999999998,-5.296004667670038,2.3333333333333335,Loss
1.07172,1.071974,1.070958,20850.412077443027,Short,TP Hit,2024-11-11 07:10:00,Fib False Breakout Short,1.0717516,0.0011700000000001154,1.0715272599999999,50,downtrend,1.07174,1.07125,2024-11-11 07:20:00,1.070958,15.888014003010115,0.16666666666666666,Win
1.06229,1.063044,1.0600279999999995,7164.3564469793255,Short,TP Hit,2024-11-12 13:40:00,Fib False Breakout Short,1.0625584000000001,0.0023200000000000998,1.06198,50,downtrend,1.06258,1.06145,2024-11-12 16:40:00,1.0600279999999995,16.205774283070316,3.0,Win
1.06166,1.061414,1.062398,23276.586368640565,Long,SL Hit,2024-11-13 00:00:00,Fib False Breakout Long,1.0614316,0.0012299999999998423,1.0617100000000002,50,uptrend,1.06218,1.06166,2024-11-13 00:00:00,1.061414,-5.726040246684845,0.0,Loss
1.0627,1.06184,1.0652800000000002,6525.0226066867535,Long,SL Hit,2024-11-13 14:20:00,Fib False Breakout Long,1.0618132,0.0031000000000001027,1.0630700000000002,50,uptrend,1.06461,1.06246,2024-11-13 14:30:00,1.06184,-5.611519441751149,0.16666666666666666,Loss
1.05642,1.056748,1.0554359999999996,16766.12516132423,Short,TP Hit,2024-11-13 23:30:00,Fib False Breakout Short,1.0567292000000001,0.0008399999999999519,1.05639108,618,downtrend,1.05658,1.05617,2024-11-14 01:30:00,1.0554359999999996,16.497867158748374,2.0,Win
1.05332,1.054316,1.050332,5852.657024187863,Short,SL Hit,2024-11-14 13:10:00,Fib False Breakout Short,1.0534332,0.00482999999999989,1.052745,50,downtrend,1.05335,1.05233,2024-11-14 14:10:00,1.054316,-5.829246396091093,1.0,Loss
1.05309,1.053596,1.0515720000000004,11289.844798755834,Short,SL Hit,2024-11-14 23:10:00,Fib False Breakout Short,1.0546532,0.0021299999999999653,1.05307652,50,downtrend,1.05317,1.05276,2024-11-15 01:20:00,1.053596,-5.712661468169271,2.1666666666666665,Loss
1.05296,1.053346,1.051802,14799.641109246913,Short,SL Hit,2024-11-14 23:50:00,Fib False Breakout Short,1.054374,0.0011799999999999589,1.05273272,618,downtrend,1.05311,1.05258,2024-11-15 01:10:00,1.053346,-5.712661468169271,1.3333333333333333,Loss
1.05307,1.0532679999999999,1.0524760000000002,28851.82559682609,Short,SL Hit,2024-11-15 01:00:00,Fib False Breakout Short,1.0537779999999999,0.0009899999999998244,1.05271362,50,downtrend,1.05307,1.05252,2024-11-15 01:10:00,1.0532679999999999,-5.712661468169271,0.16666666666666666,Loss
1.05513,1.055634,1.0536179999999997,10654.567023965234,Short,TP Hit,2024-11-15 19:00:00,Fib False Breakout Short,1.0555986,0.002120000000000122,1.05484536,50,downtrend,1.05521,1.05462,2024-11-15 20:00:00,1.0536179999999997,16.10970534023735,1.0,Win
1.05482,1.054124,1.0569080000000002,8178.298688051175,Long,SL Hit,2024-11-18 11:00:00,Fib False Breakout Long,1.0544982,0.0027800000000000047,1.0549693599999999,618,uptrend,1.05506,1.05468,2024-11-18 11:00:00,1.054124,-5.6920958868838625,0.0,Loss
1.0593,1.059618,1.0583459999999998,17541.67914825621,Short,SL Hit,2024-11-19 01:30:00,Fib False Breakout Short,1.059367,0.0010399999999999299,1.05923952,618,downtrend,1.05941,1.05876,2024-11-19 03:10:00,1.059618,-5.578253969146185,1.6666666666666667,Loss
1.0594,1.05982,1.0581399999999996,13281.55706939293,Short,SL Hit,2024-11-19 02:10:00,Fib False Breakout Short,1.0594314,0.0009999999999998899,1.05923952,618,downtrend,1.05962,1.05915,2024-11-19 03:10:00,1.05982,-5.578253969146186,1.0,Loss
1.04082,1.045102,1.0279740000000004,1250.6127534751204,Short,SL Hit,2024-11-22 09:50:00,Fib False Breakout Short,1.0465578,0.016360000000000152,1.03968952,618,downtrend,1.04183,1.03344,2024-11-25 00:00:00,1.045102,-5.355123810380337,62.166666666666664,Loss
1.04301,1.0458319999999999,1.0345440000000004,1897.6342347202567,Short,SL Hit,2024-11-22 11:00:00,Fib False Breakout Short,1.0457626,0.014010000000000078,1.03968952,618,downtrend,1.04303,1.04158,2024-11-25 00:00:00,1.0458319999999999,-5.355123810380337,61.0,Loss
1.04788,1.04738,1.0493799999999998,10281.837715931379,Long,SL Hit,2024-11-25 06:20:00,Fib False Breakout Long,1.0464594,0.0008500000000000174,1.04802974,50,uptrend,1.04816,1.04755,2024-11-25 07:20:00,1.04738,-5.140918857965123,1.0,Loss
1.04961,1.049888,1.048776,18122.663600020907,Short,TP Hit,2024-11-25 22:50:00,Fib False Breakout Short,1.0496036000000002,0.0013900000000000023,1.0493457800000001,50,downtrend,1.04961,1.04951,2024-11-25 23:40:00,1.048776,15.114301442417462,0.8333333333333334,Win
1.04582,1.0469600000000001,1.0423999999999995,4684.5495698715,Short,SL Hit,2024-11-26 02:30:00,Fib False Breakout Short,1.048226,0.003949999999999898,1.04540556,618,downtrend,1.04617,1.04511,2024-11-26 03:40:00,1.0469600000000001,-5.34038650965417,1.1666666666666667,Loss
1.04766,1.0481200000000002,1.0462799999999997,11377.34517273835,Short,SL Hit,2024-11-26 20:50:00,Fib False Breakout Short,1.0483874,0.0022500000000000853,1.04755214,50,downtrend,1.04767,1.04691,2024-11-26 21:00:00,1.0481200000000002,-5.233578779461086,0.16666666666666666,Loss
1.04843,1.048036,1.049612,13017.530974293892,Long,SL Hit,2024-11-27 02:30:00,Fib False Breakout Long,1.0482026,0.0013199999999999878,1.0488195200000001,50,uptrend,1.04882,1.0483,2024-11-27 03:10:00,1.048036,-5.128907203871864,0.6666666666666666,Loss
1.05677,1.056564,1.0573879999999998,24399.655630078505,Long,SL Hit,2024-11-27 23:00:00,Fib False Breakout Long,1.0566558000000001,0.0007800000000000029,1.05695,50,uptrend,1.05698,1.05672,2024-11-27 23:30:00,1.056564,-5.026329059794427,0.5,Loss
1.05568,1.055914,1.0549779999999997,21050.437942722725,Short,TP Hit,2024-11-28 05:10:00,Fib False Breakout Short,1.0559512,0.0009199999999998099,1.05541086,50,downtrend,1.05573,1.05544,2024-11-28 06:00:00,1.0549779999999997,14.777407435795615,0.8333333333333334,Win
1.05137,1.0522980000000002,1.0485859999999991,5626.455417363121,Short,SL Hit,2024-12-02 10:00:00,Fib False Breakout Short,1.0519792000000001,0.0022899999999999032,1.05119238,618,downtrend,1.05184,1.05093,2024-12-02 11:10:00,1.0522980000000002,-5.22135062731445,1.1666666666666667,Loss
1.04935,1.050534,1.0457979999999998,4321.726025986353,Short,SL Hit,2024-12-02 17:30:00,Fib False Breakout Short,1.0501601999999999,0.0038199999999999346,1.04904286,50,downtrend,1.04977,1.04763,2024-12-02 20:10:00,1.050534,-5.116923614768162,2.6666666666666665,Loss
1.04859,1.049644,1.0454279999999996,4854.766237919948,Short,SL Hit,2024-12-02 18:10:00,Fib False Breakout Short,1.0499448,0.0038199999999999346,1.04814898,618,downtrend,1.04888,1.04827,2024-12-02 20:10:00,1.049644,-5.116923614768162,2.0,Loss
1.04993,1.049566,1.0510220000000001,13495.183159826971,Long,SL Hit,2024-12-02 22:50:00,Fib False Breakout Long,1.0489785999999999,0.0017699999999998273,1.049935,50,uptrend,1.05011,1.04992,2024-12-03 00:10:00,1.049566,-4.912246670177435,1.3333333333333333,Loss
1.05038,1.051006,1.048502,7690.098621044358,Short,TP Hit,2024-12-04 11:10:00,Fib False Breakout Short,1.0505052,0.0026800000000000157,1.0500424800000001,618,downtrend,1.05047,1.04973,2024-12-04 13:40:00,1.048502,14.44200521032166,2.5,Win
1.05154,1.051744,1.0509279999999996,25013.93059302938,Short,SL Hit,2024-12-05 02:20:00,Fib False Breakout Short,1.0514854,0.0008200000000000429,1.05127,50,downtrend,1.05158,1.05107,2024-12-05 02:30:00,1.051744,-5.10284184098032,0.16666666666666666,Loss
1.05154,1.051734,1.0509579999999998,26303.308458657717,Short,SL Hit,2024-12-05 02:20:00,Fib False Breakout Short,1.0514854,0.0008200000000000429,1.05109178,50,downtrend,1.05157,1.05099,2024-12-05 02:30:00,1.051734,-5.10284184098032,0.16666666666666666,Loss
1.05589,1.055336,1.0575519999999998,8842.469616140086,Long,TP Hit,2024-12-05 18:30:00,Fib False Breakout Long,1.0554056,0.002120000000000122,1.055895,50,uptrend,1.05657,1.05576,2024-12-05 19:00:00,1.0575519999999998,14.696184502023323,0.5,Win
1.0576,1.057936,1.0565920000000004,15454.321004116797,Short,SL Hit,2024-12-06 04:00:00,Fib False Breakout Short,1.0580904,0.0014300000000000423,1.0574504,618,downtrend,1.05765,1.05731,2024-12-06 07:50:00,1.057936,-5.192651857381573,3.8333333333333335,Loss
1.05775,1.057186,1.059442,9022.692943677059,Long,TP Hit,2024-12-06 09:40:00,Fib False Breakout Long,1.0575256,0.0023699999999999832,1.0577722999999999,618,uptrend,1.05824,1.05766,2024-12-06 13:30:00,1.059442,15.266396460701825,3.8333333333333335,Win
1.05521,1.055826,1.0533620000000001,8756.699268585093,Short,TP Hit,2024-12-09 03:10:00,Fib False Breakout Short,1.055624,0.0010299999999998644,1.0551377,618,downtrend,1.05562,1.05519,2024-12-09 04:20:00,1.0533620000000001,16.182380248343936,1.1666666666666667,Win
1.05419,1.0547179999999998,1.0526060000000004,10829.118095485514,Short,SL Hit,2024-12-09 07:10:00,Fib False Breakout Short,1.054829,0.0014899999999999913,1.05414826,618,downtrend,1.05442,1.05398,2024-12-09 07:10:00,1.0547179999999998,-5.717774354414856,0.0,Loss
1.05555,1.055724,1.0550279999999996,32203.5567087514,Short,TP Hit,2024-12-09 23:50:00,Fib False Breakout Short,1.0562146,0.0006200000000000649,1.05549928,50,downtrend,1.0556,1.05542,2024-12-10 00:00:00,1.0550279999999996,16.810256601979678,0.16666666666666666,Win
1.05556,1.0559319999999999,1.0544440000000006,15966.731181099665,Short,SL Hit,2024-12-10 03:50:00,Fib False Breakout Short,1.0553042000000001,0.0016099999999998893,1.05515502,618,downtrend,1.05561,1.05517,2024-12-10 04:30:00,1.0559319999999999,-5.939623999366153,0.6666666666666666,Loss
1.05269,1.053322,1.0507939999999993,9210.176454710598,Short,TP Hit,2024-12-10 14:40:00,Fib False Breakout Short,1.053688,0.0017099999999998783,1.0524304,618,downtrend,1.05298,1.05249,2024-12-10 15:10:00,1.0507939999999993,17.462494558136488,0.5,Win
1.05119,1.0516960000000002,1.0496719999999997,12193.83677972357,Short,SL Hit,2024-12-10 18:10:00,Fib False Breakout Short,1.051992,0.0016800000000001258,1.0511405999999999,50,downtrend,1.05136,1.05079,2024-12-10 18:20:00,1.0516960000000002,-6.170081410541559,0.16666666666666666,Loss
1.05289,1.052616,1.0537120000000004,22068.17438805969,Long,SL Hit,2024-12-11 04:10:00,Fib False Breakout Long,1.0530352,0.0011700000000001154,1.05321694,618,uptrend,1.05347,1.05285,2024-12-11 04:30:00,1.052616,-6.0466797823307274,0.3333333333333333,Loss
1.04961,1.049934,1.048638,18289.34008235888,Short,SL Hit,2024-12-11 21:40:00,Fib False Breakout Short,1.0497646,0.0013699999999998713,1.04933364,618,downtrend,1.04966,1.04926,2024-12-11 23:10:00,1.049934,-5.925746186684113,1.5,Loss
1.05049,1.050364,1.0508679999999995,46089.13700759853,Long,TP Hit,2024-12-12 06:20:00,Fib False Breakout Long,1.0504122,0.0005800000000000249,1.050525,50,uptrend,1.05065,1.05048,2024-12-12 06:30:00,1.0508679999999995,17.421693788851293,0.16666666666666666,Win
1.05127,1.050608,1.0532559999999997,9298.587822851981,Long,SL Hit,2024-12-12 09:20:00,Fib False Breakout Long,1.0509136,0.002610000000000001,1.05141286,618,uptrend,1.05179,1.05113,2024-12-12 10:30:00,1.050608,-6.155665138727458,1.1666666666666667,Loss
1.0496,1.050536,1.0467920000000006,6445.0340127714,Short,SL Hit,2024-12-12 13:50:00,Fib False Breakout Short,1.0506701999999999,0.0037799999999998946,1.04879832,618,downtrend,1.04978,1.04698,2024-12-12 14:40:00,1.050536,-6.032551835952908,0.8333333333333334,Loss
1.04732,1.0476079999999999,1.0464560000000005,20527.43333068421,Short,SL Hit,2024-12-13 00:10:00,Fib False Breakout Short,1.0480960000000001,0.0009900000000000464,1.04723456,618,downtrend,1.04741,1.04705,2024-12-13 00:50:00,1.0476079999999999,-5.911900799233849,0.6666666666666666,Loss
1.04659,1.0467799999999998,1.0460200000000002,30492.96201711495,Short,TP Hit,2024-12-13 07:00:00,Fib False Breakout Short,1.0466298,0.0009500000000000064,1.0464331,50,downtrend,1.04659,1.0462,2024-12-13 07:00:00,1.0460200000000002,17.380988349747515,0.0,Win
1.04596,1.0462280000000002,1.0451559999999995,22915.233396419866,Short,SL Hit,2024-12-13 07:50:00,Fib False Breakout Short,1.0465027999999998,0.0012900000000000134,1.0458557,50,downtrend,1.04597,1.04537,2024-12-13 08:00:00,1.0462280000000002,-6.141282550244122,0.16666666666666666,Loss
1.04907,1.0482,1.0516799999999997,6917.766550850287,Long,TP Hit,2024-12-13 15:00:00,Fib False Breakout Long,1.0485912,0.003549999999999942,1.04921876,50,uptrend,1.04982,1.04891,2024-12-16 01:10:00,1.0516799999999997,18.05537069771772,58.166666666666664,Win
1.04958,1.0488659999999999,1.0517220000000003,8429.211343471105,Long,TP Hit,2024-12-13 17:10:00,Fib False Breakout Long,1.0493784,0.0023699999999999832,1.04983676,618,uptrend,1.0499,1.04934,2024-12-16 01:10:00,1.0517220000000003,18.05537069771772,56.0,Win
1.04932,1.048894,1.0505980000000001,14127.833096804485,Long,TP Hit,2024-12-13 18:30:00,Fib False Breakout Long,1.0496846,0.0017300000000000093,1.04983676,50,uptrend,1.05042,1.04924,2024-12-16 00:00:00,1.0505980000000001,18.05537069771772,53.5,Win
1.0496,1.049944,1.0485680000000004,17495.514241979625,Short,SL Hit,2024-12-13 20:40:00,Fib False Breakout Short,1.0498174,0.0011200000000000099,1.049425,50,downtrend,1.04972,1.04921,2024-12-16 00:00:00,1.049944,-6.01845689923924,51.333333333333336,Loss
1.05185,1.052478,1.0499659999999997,11116.894909421508,Short,TP Hit,2024-12-16 08:40:00,Fib False Breakout Short,1.051508,0.0024399999999999977,1.05142694,50,downtrend,1.05199,1.05104,2024-12-16 10:30:00,1.0499659999999997,20.94423000935255,1.8333333333333333,Win
1.05109,1.051628,1.0494760000000003,12976.598518807545,Short,SL Hit,2024-12-16 08:50:00,Fib False Breakout Short,1.051506,0.0024399999999999977,1.05084602,50,downtrend,1.05114,1.05004,2024-12-16 09:00:00,1.051628,-6.981410003117517,0.16666666666666666,Loss
1.05089,1.0503419999999999,1.0525340000000007,12739.799275756895,Long,SL Hit,2024-12-16 09:00:00,Fib False Breakout Long,1.0514926,0.0024399999999999977,1.05097208,618,uptrend,1.05248,1.05083,2024-12-16 10:10:00,1.0503419999999999,-6.981410003117517,1.1666666666666667,Loss
1.05001,1.0504419999999999,1.0487140000000008,16483.88472959196,Short,SL Hit,2024-12-16 13:50:00,Fib False Breakout Short,1.050533,0.0021100000000000563,1.04992148,50,downtrend,1.05002,1.04906,2024-12-16 13:50:00,1.0504419999999999,-7.121038203179867,0.0,Loss
1.05033,1.0509460000000002,1.0484819999999995,11328.924414146626,Short,TP Hit,2024-12-16 14:10:00,Fib False Breakout Short,1.0504722,0.0024800000000000377,1.04979924,50,downtrend,1.05045,1.04983,2024-12-16 14:40:00,1.0484819999999995,20.93585231734881,0.5,Win
1.05097,1.0507959999999998,1.0514920000000003,42513.41658309316,Long,TP Hit,2024-12-16 22:40:00,Fib False Breakout Long,1.0506614,0.0008700000000001484,1.0512241199999999,618,uptrend,1.05134,1.05097,2024-12-16 23:40:00,1.0514920000000003,22.19200345638974,1.0,Win
1.05171,1.0514020000000002,1.0526339999999992,25458.35894349783,Long,SL Hit,2024-12-17 03:30:00,Fib False Breakout Long,1.0515269999999999,0.0011399999999999189,1.05186264,618,uptrend,1.05194,1.05163,2024-12-17 03:40:00,1.0514020000000002,-7.841174554591042,0.16666666666666666,Loss
1.0499,1.049128,1.052216,9953.822621113046,Long,SL Hit,2024-12-17 18:30:00,Fib False Breakout Long,1.0498356,0.0021100000000000563,1.05011534,618,uptrend,1.05002,1.04955,2024-12-17 19:20:00,1.049128,-7.6843510634992205,0.8333333333333334,Loss
1.05029,1.049692,1.0520839999999996,12850.085390469581,Long,SL Hit,2024-12-17 18:40:00,Fib False Breakout Long,1.0498778,0.0020400000000000418,1.050395,50,uptrend,1.05078,1.0501,2024-12-17 18:40:00,1.049692,-7.684351063499221,0.0,Loss
1.04989,1.050308,1.048636,17648.27038506874,Short,TP Hit,2024-12-18 11:50:00,Fib False Breakout Short,1.0499822,0.0014399999999998858,1.049725,618,downtrend,1.05002,1.04928,2024-12-18 15:40:00,1.048636,22.13093106287776,3.8333333333333335,Win
1.04956,1.049998,1.0482460000000002,16842.413289863674,Short,TP Hit,2024-12-18 14:50:00,Fib False Breakout Short,1.0496394,0.0019400000000000528,1.04906838,618,downtrend,1.04961,1.04891,2024-12-18 15:40:00,1.0482460000000002,22.130931062877757,0.8333333333333334,Win
1.0365,1.036718,1.0358459999999998,37900.065428772534,Short,TP Hit,2024-12-19 22:50:00,Fib False Breakout Short,1.0372144,0.0008399999999999519,1.03637658,618,downtrend,1.03655,1.03627,2024-12-20 06:00:00,1.0358459999999998,24.78664279042309,7.166666666666667,Win
1.03668,1.036916,1.0359720000000003,35009.382472363395,Short,TP Hit,2024-12-20 01:40:00,Fib False Breakout Short,1.0365444000000001,0.0010300000000000864,1.0364049999999998,50,downtrend,1.03671,1.03619,2024-12-20 03:40:00,1.0359720000000003,24.78664279042309,2.0,Win
1.03634,1.0366659999999999,1.0353620000000006,25344.215532143447,Short,TP Hit,2024-12-20 03:10:00,Fib False Breakout Short,1.0364614,0.0008799999999999919,1.03628346,618,downtrend,1.03649,1.03605,2024-12-20 06:10:00,1.0353620000000006,24.786642790423095,3.0,Win
1.03946,1.03864,1.0419200000000002,11889.527842560048,Long,TP Hit,2024-12-20 15:30:00,Fib False Breakout Long,1.0390678,0.0032999999999998586,1.03994,50,uptrend,1.04073,1.0393,2024-12-20 16:30:00,1.0419200000000002,29.24823849269925,1.0,Win
1.03938,1.0400939999999999,1.0372380000000003,14473.918208340969,Short,SL Hit,2024-12-23 15:50:00,Fib False Breakout Short,1.0401794,0.0024199999999998667,1.03936444,618,downtrend,1.03961,1.03848,2024-12-23 16:30:00,1.0400939999999999,-10.334377600753735,0.6666666666666666,Loss
1.04039,1.040624,1.0396879999999997,43280.72670399889,Short,TP Hit,2024-12-24 02:10:00,Fib False Breakout Short,1.0404902,0.0007200000000000539,1.04030132,618,downtrend,1.04048,1.04,2024-12-24 03:00:00,1.0396879999999997,30.38307014621598,0.8333333333333334,Win
1.0398,1.040106,1.0388820000000003,35082.847881261034,Short,SL Hit,2024-12-24 09:20:00,Fib False Breakout Short,1.0396864,0.0015300000000000313,1.03961446,618,downtrend,1.0398,1.03921,2024-12-24 11:10:00,1.040106,-10.73535145166298,1.8333333333333333,Loss
1.04025,1.040578,1.0392659999999996,32075.135434836346,Short,SL Hit,2024-12-24 14:00:00,Fib False Breakout Short,1.0396462000000002,0.0014399999999998858,1.03954648,50,downtrend,1.04029,1.03892,2024-12-24 14:20:00,1.040578,-10.52064442262972,0.3333333333333333,Loss
1.03938,1.039746,1.0382819999999997,28170.031514138343,Short,SL Hit,2024-12-24 20:10:00,Fib False Breakout Short,1.0395594,0.0012799999999999478,1.0392920799999998,50,downtrend,1.03949,1.0393,2024-12-24 20:50:00,1.039746,-10.310231534177126,0.6666666666666666,Loss
1.03979,1.039636,1.040252,65610.56430840523,Long,TP Hit,2024-12-26 02:50:00,Fib False Breakout Long,1.0394918,0.0007200000000000539,1.0398399999999999,50,uptrend,1.03998,1.03978,2024-12-26 03:30:00,1.040252,30.31208071048075,0.6666666666666666,Win
1.03969,1.039976,1.038832,37448.49132063945,Short,SL Hit,2024-12-26 09:40:00,Fib False Breakout Short,1.0398268,0.0009300000000000974,1.039685,50,downtrend,1.03979,1.03942,2024-12-26 10:10:00,1.039976,-10.710268517703199,0.5,Loss
1.04025,1.040532,1.0394039999999996,37220.082082783105,Short,SL Hit,2024-12-26 15:00:00,Fib False Breakout Short,1.0398318,0.0012600000000000389,1.0397827800000001,618,downtrend,1.04028,1.03972,2024-12-26 15:10:00,1.040532,-10.496063147349135,0.16666666666666666,Loss
1.04258,1.042408,1.0430960000000002,59803.15049068898,Long,SL Hit,2024-12-30 03:00:00,Fib False Breakout Long,1.0425946000000001,0.0007099999999999884,1.04261088,618,uptrend,1.04269,1.04255,2024-12-30 03:10:00,1.042408,-10.286141884402152,0.16666666666666666,Loss
1.04249,1.0423099999999998,1.0430300000000001,57145.23269110116,Long,SL Hit,2024-12-30 03:10:00,Fib False Breakout Long,1.0425772,0.0007500000000000284,1.04261088,618,uptrend,1.04276,1.04246,2024-12-30 08:10:00,1.0423099999999998,-10.286141884402152,5.0,Loss
1.04254,1.04267,1.0421500000000001,77541.68497474572,Short,SL Hit,2024-12-30 04:30:00,Fib False Breakout Short,1.042559,0.0006499999999998174,1.04249964,618,downtrend,1.04254,1.04244,2024-12-30 06:00:00,1.04267,-10.08041904671411,1.5,Loss
1.04254,1.0426879999999998,1.0420960000000006,68110.93950491023,Short,SL Hit,2024-12-30 05:00:00,Fib False Breakout Short,1.0426066,0.0006399999999999739,1.04249964,618,downtrend,1.04256,1.0425,2024-12-30 06:00:00,1.0426879999999998,-10.08041904671411,1.0,Loss
1.0429,1.043158,1.0421259999999997,37508.53598776013,Short,TP Hit,2024-12-30 08:10:00,Fib False Breakout Short,1.042671,0.001040000000000152,1.0426350000000002,50,downtrend,1.04295,1.04249,2024-12-30 08:10:00,1.0421259999999997,29.031606854536633,0.0,Win
1.03594,1.036342,1.034734,25005.252697134078,Short,SL Hit,2024-12-31 20:40:00,Fib False Breakout Short,1.0366662,0.0016599999999999948,1.03588778,50,downtrend,1.03601,1.03547,2025-01-02 02:30:00,1.036342,-10.052111584248236,29.833333333333332,Loss
1.03604,1.036582,1.0344140000000006,18175.404709532355,Short,SL Hit,2025-01-02 09:10:00,Fib False Breakout Short,1.036371,0.002610000000000001,1.03573634,618,downtrend,1.03606,1.03464,2025-01-02 09:10:00,1.036582,-9.851069352563272,0.0,Loss
1.03091,1.030592,1.0318640000000001,30358.641400977285,Long,TP Hit,2025-01-06 06:30:00,Fib False Breakout Long,1.0309458,0.0010399999999999299,1.03102896,618,uptrend,1.03125,1.0308,2025-01-06 07:20:00,1.0318640000000001,28.962143896536016,0.8333333333333334,Win
1.03036,1.0310320000000002,1.0283439999999993,15228.111374165557,Short,SL Hit,2025-01-08 14:00:00,Fib False Breakout Short,1.0318834,0.003110000000000168,1.02960908,50,downtrend,1.03041,1.02894,2025-01-08 16:50:00,1.0310320000000002,-10.233290843442726,2.8333333333333335,Loss
1.03155,1.031854,1.0306379999999997,32988.89811372095,Short,SL Hit,2025-01-09 02:40:00,Fib False Breakout Short,1.0315146,0.0015200000000001879,1.031235,50,downtrend,1.03155,1.03123,2025-01-09 03:00:00,1.031854,-10.028625026573874,0.3333333333333333,Loss
1.03012,1.030562,1.0287939999999998,22235.41295484436,Short,SL Hit,2025-01-09 12:00:00,Fib False Breakout Short,1.0304886,0.0018599999999999728,1.02967498,618,downtrend,1.03019,1.0297,2025-01-09 13:10:00,1.030562,-9.828052526042395,1.1666666666666667,Loss
1.03012,1.030562,1.0287939999999998,22235.41295484436,Short,SL Hit,2025-01-09 12:00:00,Fib False Breakout Short,1.0304886,0.0018599999999999728,1.030075,50,downtrend,1.03019,1.02985,2025-01-09 13:10:00,1.030562,-9.828052526042395,1.1666666666666667,Loss
1.0299,1.030044,1.0294680000000003,65520.35017365147,Short,TP Hit,2025-01-09 23:20:00,Fib False Breakout Short,1.0299559999999999,0.0005699999999999594,1.0297829,50,downtrend,1.02993,1.02979,2025-01-10 00:20:00,1.0294680000000003,28.3047912750021,1.0,Win
1.02595,1.028778,1.0174659999999998,3536.430781648004,Short,SL Hit,2025-01-10 14:50:00,Fib False Breakout Short,1.0292672,0.009640000000000093,1.0252224799999998,618,downtrend,1.02685,1.02445,2025-01-14 15:50:00,1.028778,-10.001026250500741,97.0,Loss
1.02423,1.0244739999999999,1.0234980000000002,40987.81250206718,Short,SL Hit,2025-01-13 01:00:00,Fib False Breakout Short,1.0245008,0.0012199999999999989,1.0239150000000001,50,downtrend,1.02423,1.02392,2025-01-13 01:10:00,1.0244739999999999,-10.001026250500741,0.16666666666666666,Loss
1.02397,1.023666,1.0248820000000003,32240.15041278975,Long,SL Hit,2025-01-13 02:50:00,Fib False Breakout Long,1.0241812,0.0013199999999999878,1.0240753599999999,618,uptrend,1.02452,1.02393,2025-01-13 03:10:00,1.023666,-9.801005725490727,0.3333333333333333,Loss
1.02497,1.024638,1.025966,28930.67955114742,Long,SL Hit,2025-01-14 03:50:00,Fib False Breakout Long,1.024221,0.0016599999999999948,1.0253598000000002,618,uptrend,1.02553,1.02497,2025-01-14 04:10:00,1.024638,-9.604985610980913,0.3333333333333333,Loss
1.02506,1.02542,1.0239800000000003,26146.905274343033,Short,SL Hit,2025-01-14 05:50:00,Fib False Breakout Short,1.0250366,0.0012499999999999734,1.02450412,618,downtrend,1.02517,1.02456,2025-01-14 07:00:00,1.02542,-9.412885898761294,1.1666666666666667,Loss
1.02488,1.0253100000000002,1.0235899999999996,21890.432322692923,Short,SL Hit,2025-01-14 06:40:00,Fib False Breakout Short,1.0251132,0.0012499999999999734,1.0247000000000002,50,downtrend,1.02506,1.02433,2025-01-14 07:00:00,1.0253100000000002,-9.412885898761294,0.3333333333333333,Loss
1.02546,1.024904,1.027128,16252.46486117055,Long,SL Hit,2025-01-14 10:40:00,Fib False Breakout Long,1.0253616,0.0022800000000000598,1.02548386,50,uptrend,1.02651,1.02536,2025-01-14 12:00:00,1.024904,-9.036370462810842,1.3333333333333333,Loss
1.02535,1.02588,1.0237600000000002,16708.760478407494,Short,SL Hit,2025-01-14 13:20:00,Fib False Breakout Short,1.0255664,0.002349999999999852,1.02531082,50,downtrend,1.02541,1.02429,2025-01-14 14:10:00,1.02588,-8.855643053554626,0.8333333333333334,Loss
1.03006,1.029882,1.030594,47632.07678355601,Long,SL Hit,2025-01-15 01:30:00,Fib False Breakout Long,1.0300882,0.0008399999999999519,1.03010222,50,uptrend,1.0303,1.03005,2025-01-15 02:30:00,1.029882,-8.478509667473517,1.0,Loss
1.03001,1.02983,1.0305500000000003,47102.83148594593,Long,SL Hit,2025-01-15 01:50:00,Fib False Breakout Long,1.0301478,0.0008500000000000174,1.03011458,50,uptrend,1.03029,1.03,2025-01-15 02:30:00,1.02983,-8.478509667473517,0.6666666666666666,Loss
1.03014,1.030284,1.0297080000000003,56523.397783187414,Short,SL Hit,2025-01-15 03:50:00,Fib False Breakout Short,1.0302758,0.0006700000000001705,1.0300365999999999,618,downtrend,1.03015,1.02984,2025-01-15 05:10:00,1.030284,-8.139369280774577,1.3333333333333333,Loss
1.03032,1.030648,1.0293359999999996,24318.847241330815,Short,SL Hit,2025-01-15 12:30:00,Fib False Breakout Short,1.0302432000000001,0.0014399999999998858,1.02985836,50,downtrend,1.03036,1.02997,2025-01-15 13:30:00,1.030648,-7.976581895159085,1.0,Loss
1.03004,1.0296640000000001,1.0311679999999999,21214.313550958854,Long,TP Hit,2025-01-15 13:10:00,Fib False Breakout Long,1.0302428,0.0018799999999998818,1.03021,50,uptrend,1.03064,1.03004,2025-01-15 13:30:00,1.0311679999999999,23.929745685477254,0.3333333333333333,Win
1.02925,1.029518,1.0284460000000002,30953.899891669633,Short,SL Hit,2025-01-15 23:10:00,Fib False Breakout Short,1.029456,0.0009900000000000464,1.0290650000000001,50,downtrend,1.02932,1.02913,2025-01-15 23:50:00,1.029518,-8.295645170965448,0.6666666666666666,Loss
1.0289,1.0294439999999998,1.0272680000000003,14944.360785933759,Short,TP Hit,2025-01-16 10:50:00,Fib False Breakout Short,1.0289716,0.0017199999999999438,1.02887546,50,downtrend,1.0291,1.02818,2025-01-16 12:30:00,1.0272680000000003,24.38919680263842,1.6666666666666667,Win
1.0289,1.028556,1.0299319999999996,23632.942638222397,Long,SL Hit,2025-01-16 10:50:00,Fib False Breakout Long,1.0289716,0.0017199999999999438,1.029115,50,uptrend,1.02962,1.0289,2025-01-16 10:50:00,1.028556,-8.12973226754614,0.0,Loss
1.02902,1.029358,1.0280060000000002,23571.413083421325,Short,TP Hit,2025-01-16 12:00:00,Fib False Breakout Short,1.0289786,0.0014399999999998858,1.0289249,618,downtrend,1.02907,1.02853,2025-01-16 12:20:00,1.0280060000000002,23.90141286658565,0.3333333333333333,Win
1.04138,1.041798,1.0401259999999999,21370.693338705907,Short,SL Hit,2025-01-22 03:00:00,Fib False Breakout Short,1.0418634,0.0018399999999998418,1.0408338400000001,618,downtrend,1.04143,1.04076,2025-01-22 04:20:00,1.041798,-8.932949815579699,1.3333333333333333,Loss
1.04159,1.0420079999999998,1.0403360000000006,20943.27947194291,Short,SL Hit,2025-01-22 08:20:00,Fib False Breakout Short,1.0414178,0.0019899999999999363,1.04107,50,downtrend,1.04161,1.04082,2025-01-22 08:30:00,1.0420079999999998,-8.754290819268103,0.16666666666666666,Loss
1.04003,1.0405579999999999,1.0384460000000004,16248.494323645808,Short,SL Hit,2025-01-23 08:00:00,Fib False Breakout Short,1.0406696,0.0021900000000001363,1.0398856799999998,618,downtrend,1.04012,1.03903,2025-01-23 09:10:00,1.0405579999999999,-8.579205002882743,1.1666666666666667,Loss
1.04907,1.049576,1.0475519999999996,16615.851586606987,Short,TP Hit,2025-01-27 20:50:00,Fib False Breakout Short,1.050021,0.0014799999999999258,1.0490569,50,downtrend,1.04928,1.04888,2025-01-27 23:10:00,1.0475519999999996,25.22286270847526,2.3333333333333335,Win
1.04907,1.049476,1.0478519999999996,20708.425869020753,Short,TP Hit,2025-01-27 20:50:00,Fib False Breakout Short,1.050021,0.0014799999999999258,1.04901106,618,downtrend,1.04918,1.04888,2025-01-27 23:00:00,1.0478519999999996,25.222862708475258,2.1666666666666665,Win
1.04396,1.044276,1.043012,29799.162693558872,Short,TP Hit,2025-01-28 07:20:00,Fib False Breakout Short,1.0440292,0.0010799999999999699,1.0434649999999999,50,downtrend,1.04406,1.04339,2025-01-28 08:20:00,1.043012,28.249606233492287,1.0,Win
1.04274,1.0432560000000002,1.0411919999999995,19344.045612074424,Short,SL Hit,2025-01-28 17:30:00,Fib False Breakout Short,1.0428848,0.0018299999999999983,1.04251354,50,downtrend,1.04289,1.04248,2025-01-28 18:20:00,1.0432560000000002,-9.981527535833942,0.8333333333333334,Loss
1.04275,1.042358,1.0439260000000006,24953.818839574036,Long,TP Hit,2025-01-28 18:50:00,Fib False Breakout Long,1.0427944,0.0015600000000000058,1.04285344,618,uptrend,1.04301,1.04267,2025-01-29 04:00:00,1.0439260000000006,29.34569095535179,9.166666666666666,Win
1.04261,1.0435860000000001,1.0396819999999998,10623.781561704269,Short,TP Hit,2025-01-29 08:50:00,Fib False Breakout Short,1.043343,0.003030000000000088,1.0424974599999999,618,downtrend,1.04298,1.04231,2025-01-29 12:20:00,1.0396819999999998,31.106432412672902,3.5,Win
1.04149,1.0430000000000001,1.0369599999999997,7278.767849322428,Short,SL Hit,2025-01-29 19:50:00,Fib False Breakout Short,1.0407714,0.0036000000000000476,1.0406066600000001,50,downtrend,1.04228,1.03935,2025-01-30 13:50:00,1.0430000000000001,-10.990939452477757,18.0,Loss
1.04144,1.042308,1.0388359999999996,12662.372641102082,Short,SL Hit,2025-01-29 21:40:00,Fib False Breakout Short,1.0411184,0.0040400000000000436,1.04039328,618,downtrend,1.0415,1.04062,2025-01-29 23:30:00,1.042308,-10.990939452477757,1.8333333333333333,Loss
1.04289,1.041512,1.0470240000000004,7656.967978503536,Long,SL Hit,2025-01-30 15:40:00,Fib False Breakout Long,1.0413763999999999,0.006490000000000107,1.0428950000000001,50,uptrend,1.04402,1.04281,2025-01-30 17:00:00,1.041512,-10.551301874378648,1.3333333333333333,Loss
1.04181,1.041098,1.0439459999999994,14522.859321479822,Long,SL Hit,2025-01-30 17:50:00,Fib False Breakout Long,1.0415058,0.0031600000000000517,1.04198522,50,uptrend,1.04264,1.04173,2025-01-30 20:30:00,1.041098,-10.340275836891076,2.6666666666666665,Loss
1.03925,1.039734,1.0377980000000002,20936.922149080045,Short,SL Hit,2025-01-31 02:20:00,Fib False Breakout Short,1.0402476,0.0024199999999998667,1.03919374,50,downtrend,1.03925,1.03865,2025-01-31 07:00:00,1.039734,-10.133470320153254,4.666666666666667,Loss
1.03899,1.039204,1.0383480000000003,47352.66504745917,Short,SL Hit,2025-01-31 05:10:00,Fib False Breakout Short,1.0390704000000002,0.0010699999999999044,1.03875444,50,downtrend,1.03899,1.03864,2025-01-31 06:30:00,1.039204,-10.133470320153254,1.3333333333333333,Loss
1.02541,1.0243760000000002,1.0285119999999992,9408.250974225732,Long,TP Hit,2025-02-03 15:10:00,Fib False Breakout Long,1.024879,0.004269999999999996,1.02566,50,uptrend,1.0266,1.02523,2025-02-03 15:20:00,1.0285119999999992,29.18439452204137,0.16666666666666666,Win
1.02785,1.026616,1.0315519999999998,8356.417664334123,Long,TP Hit,2025-02-03 18:40:00,Fib False Breakout Long,1.0270948,0.004870000000000152,1.0279271,618,uptrend,1.02875,1.02759,2025-02-03 21:30:00,1.0315519999999998,30.935458193363857,2.8333333333333335,Win
1.02971,1.03063,1.0269499999999998,11881.009306146574,Short,SL Hit,2025-02-04 06:50:00,Fib False Breakout Short,1.0315496,0.004149999999999876,1.02920494,618,downtrend,1.0298,1.02925,2025-02-04 06:50:00,1.03063,-10.930528561655228,0.0,Loss
1.02971,1.0306099999999998,1.0270100000000002,12145.031735173812,Short,SL Hit,2025-02-04 06:50:00,Fib False Breakout Short,1.0315496,0.004149999999999876,1.02920494,618,downtrend,1.02978,1.02943,2025-02-04 06:50:00,1.0306099999999998,-10.930528561655228,0.0,Loss
1.03069,1.03141,1.0285300000000006,14574.038082210374,Short,SL Hit,2025-02-04 07:30:00,Fib False Breakout Short,1.0311598000000002,0.0032000000000000917,1.0298150000000001,50,downtrend,1.03077,1.02964,2025-02-04 07:40:00,1.03141,-10.49330741918902,0.16666666666666666,Loss
1.03069,1.03136,1.0286800000000003,15661.652864462429,Short,SL Hit,2025-02-04 07:30:00,Fib False Breakout Short,1.0311598000000002,0.0032000000000000917,1.0298150000000001,50,downtrend,1.03072,1.03002,2025-02-04 07:40:00,1.03136,-10.49330741918902,0.16666666666666666,Loss
1.04186,1.042392,1.040264,18935.291583499802,Short,TP Hit,2025-02-05 18:30:00,Fib False Breakout Short,1.0417976,0.0014099999999999113,1.04172092,618,downtrend,1.04211,1.04144,2025-02-05 21:00:00,1.040264,30.220725367264375,2.5,Win
1.03831,1.038086,1.038982,47669.59656145826,Long,SL Hit,2025-02-06 22:40:00,Fib False Breakout Long,1.0379474,0.0007200000000000539,1.038485,50,uptrend,1.0386,1.03823,2025-02-07 00:40:00,1.038086,-10.677989629766744,2.0,Loss
1.03847,1.038276,1.039052,55041.183658583665,Long,SL Hit,2025-02-06 23:10:00,Fib False Breakout Long,1.0380452,0.0007200000000000539,1.038485,50,uptrend,1.03856,1.03842,2025-02-07 00:30:00,1.038276,-10.677989629766744,1.3333333333333333,Loss
1.03106,1.0306460000000002,1.0323019999999998,24760.55566323235,Long,TP Hit,2025-02-10 08:20:00,Fib False Breakout Long,1.0312022,0.0018699999999998163,1.0312199999999998,50,uptrend,1.03158,1.03102,2025-02-10 09:00:00,1.0323019999999998,30.752610133728222,0.6666666666666666,Win
1.03139,1.031718,1.0304060000000004,33127.8117294344,Short,TP Hit,2025-02-10 18:20:00,Fib False Breakout Short,1.0317668,0.0013400000000001189,1.03128658,618,downtrend,1.03145,1.03105,2025-02-10 23:10:00,1.0304060000000004,32.59776674175191,4.833333333333333,Win
1.03621,1.0364039999999999,1.0356280000000007,59370.50300050117,Short,SL Hit,2025-02-12 04:30:00,Fib False Breakout Short,1.0361782,0.0009200000000000319,1.0361,50,downtrend,1.03622,1.03587,2025-02-12 07:10:00,1.0364039999999999,-11.517877582085676,2.6666666666666665,Loss
1.0383,1.0379079999999998,1.0394760000000005,28794.6939552017,Long,TP Hit,2025-02-12 21:50:00,Fib False Breakout Long,1.0379522,0.0015600000000000058,1.03905,50,uptrend,1.03922,1.03822,2025-02-13 00:20:00,1.0394760000000005,33.862560091331886,2.5,Win
1.04598,1.046246,1.0451819999999996,44980.34297844408,Short,TP Hit,2025-02-14 04:30:00,Fib False Breakout Short,1.0461084,0.0009799999999999809,1.04591042,50,downtrend,1.04605,1.04572,2025-02-14 05:20:00,1.0451819999999996,35.8943136968118,0.8333333333333334,Win
1.04637,1.0458560000000001,1.0479119999999997,24674.43094593233,Long,TP Hit,2025-02-14 12:20:00,Fib False Breakout Long,1.0466380000000002,0.002569999999999961,1.04679004,50,uptrend,1.04693,1.04637,2025-02-14 13:10:00,1.0479119999999997,38.047972518620504,0.8333333333333334,Win
1.0484,1.048592,1.047824,70018.83831552786,Short,TP Hit,2025-02-17 22:40:00,Fib False Breakout Short,1.048106,0.0009099999999999664,1.0479576199999998,618,downtrend,1.04841,1.04761,2025-02-18 00:30:00,1.047824,40.33085086973774,1.8333333333333333,Win
1.04592,1.046304,1.0447680000000001,37109.98430722977,Short,SL Hit,2025-02-18 09:50:00,Fib False Breakout Short,1.0461681999999999,0.0014199999999999768,1.04587176,618,downtrend,1.04602,1.04557,2025-02-18 09:50:00,1.046304,-14.250233973974005,0.0,Loss
1.04524,1.0456940000000001,1.0438779999999994,30760.41694821386,Short,SL Hit,2025-02-18 15:00:00,Fib False Breakout Short,1.0458512,0.0018199999999999328,1.04513792,618,downtrend,1.04533,1.04455,2025-02-18 15:10:00,1.0456940000000001,-13.965229294494522,0.16666666666666666,Loss
1.04462,1.044422,1.0452140000000005,69120.83186158982,Long,SL Hit,2025-02-19 01:30:00,Fib False Breakout Long,1.0445784,0.0007399999999999629,1.0446849999999999,50,uptrend,1.04493,1.04457,2025-02-19 01:30:00,1.044422,-13.685924708604635,0.0,Loss
1.0451,1.044666,1.0464019999999994,30903.700954926262,Long,SL Hit,2025-02-19 08:10:00,Fib False Breakout Long,1.0450896,0.0012699999999998823,1.04530334,618,uptrend,1.04574,1.04492,2025-02-19 08:50:00,1.044666,-13.41220621443254,0.6666666666666666,Loss
1.04337,1.0436880000000002,1.0424159999999991,41333.21411991522,Short,TP Hit,2025-02-19 15:00:00,Fib False Breakout Short,1.0435902,0.0012900000000000134,1.04284972,50,downtrend,1.04343,1.04301,2025-02-19 16:00:00,1.0424159999999991,39.43188627043167,1.0,Win
1.04316,1.0433839999999999,1.0424880000000007,62199.106319492006,Short,SL Hit,2025-02-20 08:00:00,Fib False Breakout Short,1.0428438,0.0010699999999999044,1.04282828,50,downtrend,1.04317,1.04252,2025-02-20 08:00:00,1.0433839999999999,-13.932599815552521,0.0,Loss
1.04951,1.049312,1.0501039999999997,68959.33242043917,Long,SL Hit,2025-02-21 07:40:00,Fib False Breakout Long,1.0496436,0.0009899999999998244,1.04966,50,uptrend,1.04981,1.04951,2025-02-21 07:50:00,1.049312,-13.65394781924147,0.16666666666666666,Loss
1.04757,1.0467879999999998,1.049916,17111.085502372902,Long,SL Hit,2025-02-21 15:10:00,Fib False Breakout Long,1.0475306,0.0032600000000000406,1.047605,50,uptrend,1.04926,1.04744,2025-02-21 15:10:00,1.0467879999999998,-13.380868862856643,0.0,Loss
1.04692,1.047318,1.0457260000000004,32947.86805427853,Short,SL Hit,2025-02-24 16:10:00,Fib False Breakout Short,1.0471232,0.0017899999999999583,1.0463748800000001,50,downtrend,1.04696,1.04636,2025-02-24 16:50:00,1.047318,-13.113251485599509,0.6666666666666666,Loss
1.04974,1.050416,1.0477119999999995,19010.334993913042,Short,TP Hit,2025-02-26 09:50:00,Fib False Breakout Short,1.0500806,0.0019799999999998708,1.04966826,618,downtrend,1.05002,1.0495,2025-02-26 12:50:00,1.0477119999999995,38.552959367662545,3.0,Win
1.04774,1.047422,1.0486939999999993,42836.62151964951,Long,SL Hit,2025-02-27 12:10:00,Fib False Breakout Long,1.0472814,0.0013900000000000023,1.0478,50,uptrend,1.04806,1.0477,2025-02-27 13:30:00,1.047422,-13.622045643240766,1.3333333333333333,Loss
1.0404,1.041446,1.0372619999999997,12762.528422920312,Short,TP Hit,2025-02-28 16:40:00,Fib False Breakout Short,1.0404622000000001,0.00262999999999991,1.04036466,618,downtrend,1.04092,1.03936,2025-02-28 18:20:00,1.0372619999999997,40.04881419112786,1.6666666666666667,Win
1.04145,1.0412819999999998,1.0419540000000005,84229.64889395451,Long,SL Hit,2025-03-03 06:00:00,Fib False Breakout Long,1.0403334000000002,0.0007900000000000684,1.04155,50,uptrend,1.0418,1.04144,2025-03-03 06:30:00,1.0412819999999998,-14.15058101419851,0.5,Loss
1.04881,1.04908,1.048,51361.36812561084,Short,SL Hit,2025-03-03 23:20:00,Fib False Breakout Short,1.0488384,0.0012000000000000899,1.04832,50,downtrend,1.04884,1.04829,2025-03-03 23:20:00,1.04908,-13.86756939391454,0.0,Loss
1.04881,1.04905,1.04809,57781.53914130625,Short,SL Hit,2025-03-03 23:20:00,Fib False Breakout Short,1.0488384,0.0012000000000000899,1.04832,50,downtrend,1.04881,1.04867,2025-03-03 23:20:00,1.04905,-13.86756939391454,0.0,Loss
1.04821,1.04857,1.0471300000000003,36980.185050447406,Short,SL Hit,2025-03-04 05:40:00,Fib False Breakout Short,1.0484512,0.0012499999999999734,1.04807972,618,downtrend,1.04832,1.04715,2025-03-04 06:20:00,1.04857,-13.312866618157958,0.6666666666666666,Loss
1.05237,1.051328,1.055496,12520.73827811416,Long,SL Hit,2025-03-04 15:10:00,Fib False Breakout Long,1.0520864,0.004410000000000025,1.05243976,618,uptrend,1.0532,1.05221,2025-03-04 15:10:00,1.051328,-13.046609285794798,0.0,Loss
1.0526,1.053936,1.048592,9570.11758987939,Short,SL Hit,2025-03-04 16:30:00,Fib False Breakout Short,1.0525466,0.00503000000000009,1.05207514,618,downtrend,1.05293,1.05154,2025-03-04 17:40:00,1.053936,-12.785677100078901,1.1666666666666667,Loss
1.06093,1.060486,1.0622619999999996,28220.638644325354,Long,SL Hit,2025-03-05 02:10:00,Fib False Breakout Long,1.0609134,0.0021700000000000053,1.06182128,50,uptrend,1.06188,1.06092,2025-03-05 02:50:00,1.060486,-12.529963558077323,0.6666666666666666,Loss
1.07923,1.07821,1.08229,12038.592438152476,Long,TP Hit,2025-03-06 11:20:00,Fib False Breakout Long,1.0799638,0.0025999999999999357,1.07966766,618,uptrend,1.08016,1.07873,2025-03-06 13:10:00,1.08229,36.83809286074733,1.8333333333333333,Win
1.0873,1.086596,1.089412,18488.815545639234,Long,TP Hit,2025-03-14 15:40:00,Fib False Breakout Long,1.087623,0.0032200000000000006,1.08794696,50,uptrend,1.08817,1.08724,2025-03-17 09:40:00,1.089412,39.04837843239217,66.0,Win
1.08818,1.08772,1.0895599999999996,28295.926400290027,Long,SL Hit,2025-03-14 17:30:00,Fib False Breakout Long,1.0883334,0.0022999999999999687,1.08832192,50,uptrend,1.08899,1.08818,2025-03-14 18:20:00,1.08772,-13.016126144130723,0.8333333333333334,Loss
1.0917,1.0929200000000001,1.0880399999999992,11095.71409007664,Short,SL Hit,2025-03-18 13:30:00,Fib False Breakout Short,1.09274,0.004450000000000065,1.09160548,618,downtrend,1.09203,1.09114,2025-03-18 16:00:00,1.0929200000000001,-13.536771189895953,2.5,Loss
1.09169,1.092306,1.0898420000000002,21975.277905677034,Short,SL Hit,2025-03-18 14:50:00,Fib False Breakout Short,1.092816,0.00283000000000011,1.09154054,618,downtrend,1.09174,1.09072,2025-03-18 15:30:00,1.092306,-13.536771189895953,0.6666666666666666,Loss
1.09383,1.094144,1.0928880000000003,41386.30682262166,Short,TP Hit,2025-03-19 04:00:00,Fib False Breakout Short,1.0940672,0.0012199999999999989,1.0937042399999999,618,downtrend,1.0939,1.0933,2025-03-19 06:00:00,1.0928880000000003,38.98590102690034,2.0,Win
1.09069,1.091794,1.087378,12477.371705469384,Short,TP Hit,2025-03-19 08:40:00,Fib False Breakout Short,1.0927458,0.005519999999999969,1.08988266,618,downtrend,1.09069,1.08923,2025-03-19 17:10:00,1.087378,41.32505508851437,8.5,Win
1.09,1.090436,1.0886920000000004,31594.078813857534,Short,SL Hit,2025-03-19 11:30:00,Fib False Breakout Short,1.0914742000000002,0.0018799999999998818,1.08945864,618,downtrend,1.09006,1.08938,2025-03-19 11:40:00,1.090436,-13.775018362838123,0.16666666666666666,Loss
1.09068,1.090204,1.0921080000000005,30096.6787759398,Long,SL Hit,2025-03-20 01:50:00,Fib False Breakout Long,1.090225,0.0012800000000001699,1.09071446,50,uptrend,1.09131,1.09046,2025-03-20 05:00:00,1.090204,-14.326019097351647,3.1666666666666665,Loss
1.08431,1.0852,1.0816400000000006,15774.717657760913,Short,SL Hit,2025-03-20 16:10:00,Fib False Breakout Short,1.0844936,0.003249999999999975,1.083525,50,downtrend,1.08455,1.08341,2025-03-20 19:10:00,1.0852,-14.039498715404616,3.0,Loss
1.08431,1.0850600000000001,1.08206,18719.33162053878,Short,SL Hit,2025-03-20 16:10:00,Fib False Breakout Short,1.0844936,0.003249999999999975,1.083525,50,downtrend,1.08441,1.08354,2025-03-20 19:10:00,1.0850600000000001,-14.039498715404616,3.0,Loss
1.08348,1.084106,1.081602,21530.22167218546,Short,SL Hit,2025-03-21 07:20:00,Fib False Breakout Short,1.084196,0.0017800000000001148,1.08335082,50,downtrend,1.08375,1.08296,2025-03-21 11:40:00,1.084106,-13.47791876678843,4.333333333333333,Loss
1.08363,1.084224,1.0818480000000001,22690.09893398789,Short,SL Hit,2025-03-21 07:50:00,Fib False Breakout Short,1.0840774,0.0021700000000000053,1.083475,50,downtrend,1.08379,1.08306,2025-03-21 11:40:00,1.084224,-13.47791876678843,3.8333333333333335,Loss
1.08243,1.08298,1.0807799999999999,23525.09457475583,Short,SL Hit,2025-03-21 18:40:00,Fib False Breakout Short,1.0827762,0.0020500000000001073,1.081705,50,downtrend,1.08257,1.08163,2025-03-24 00:00:00,1.08298,-12.938802016116894,53.333333333333336,Loss
1.0821,1.082822,1.0799340000000004,17920.778415677112,Short,SL Hit,2025-03-21 19:00:00,Fib False Breakout Short,1.0827592,0.0021599999999999397,1.081705,50,downtrend,1.08239,1.08148,2025-03-24 00:00:00,1.082822,-12.938802016116894,53.0,Loss
1.08008,1.0803660000000002,1.0792219999999992,43430.943830287426,Short,SL Hit,2025-03-24 22:10:00,Fib False Breakout Short,1.079905,0.0009799999999999809,1.0797599999999998,50,downtrend,1.08017,1.07965,2025-03-25 01:10:00,1.0803660000000002,-12.421249935472215,3.0,Loss
1.08008,1.080252,1.0795639999999997,72216.5693922547,Short,SL Hit,2025-03-24 23:20:00,Fib False Breakout Short,1.0798624000000001,0.0008600000000000829,1.07987,50,downtrend,1.08008,1.07951,2025-03-25 01:10:00,1.080252,-12.421249935472215,1.8333333333333333,Loss
1.08026,1.080536,1.0794320000000002,43204.34760165141,Short,SL Hit,2025-03-25 03:20:00,Fib False Breakout Short,1.080117,0.0013799999999999368,1.08001042,50,downtrend,1.08026,1.07982,2025-03-25 04:10:00,1.080536,-11.924399938053325,0.8333333333333334,Loss
1.07981,1.08035,1.07819,21640.57766535664,Short,SL Hit,2025-03-25 09:30:00,Fib False Breakout Short,1.0798446000000002,0.0024999999999999467,1.0793,50,downtrend,1.07985,1.07876,2025-03-25 10:00:00,1.08035,-11.685911939292259,0.5,Loss
1.08119,1.0817640000000002,1.0794679999999999,19951.55696952078,Short,TP Hit,2025-03-25 17:20:00,Fib False Breakout Short,1.0813614,0.0022200000000001108,1.08098914,618,downtrend,1.08132,1.08084,2025-03-25 19:10:00,1.0794679999999999,34.35658110151924,1.8333333333333333,Win
1.07854,1.078906,1.0774420000000005,33167.555526068936,Short,SL Hit,2025-03-26 06:00:00,Fib False Breakout Short,1.0788362,0.0013299999999998313,1.07853344,618,downtrend,1.07864,1.07819,2025-03-26 07:20:00,1.078906,-12.1393253225368,1.3333333333333333,Loss
1.07863,1.0793300000000001,1.0765299999999995,16995.055451548,Short,SL Hit,2025-03-26 08:20:00,Fib False Breakout Short,1.0787504,0.0012499999999999734,1.07853344,50,downtrend,1.07908,1.07838,2025-03-26 08:40:00,1.0793300000000001,-11.896538816086064,0.3333333333333333,Loss
1.07663,1.0761239999999999,1.0781480000000003,23040.72735130758,Long,TP Hit,2025-03-27 09:30:00,Fib False Breakout Long,1.0773124,0.0024799999999998157,1.07707,50,uptrend,1.07767,1.07662,2025-03-27 10:50:00,1.0781480000000003,34.97582411929303,1.3333333333333333,Win
1.07937,1.0790980000000001,1.0801859999999994,45434.28133146332,Long,SL Hit,2025-03-28 02:00:00,Fib False Breakout Long,1.0796208,0.0013099999999999223,1.0793748,50,uptrend,1.07988,1.07936,2025-03-28 04:00:00,1.0790980000000001,-12.358124522150204,2.0,Loss
1.08346,1.083846,1.082302,31375.549304941138,Short,SL Hit,2025-03-31 06:40:00,Fib False Breakout Short,1.083486,0.0017799999999998928,1.08329692,618,downtrend,1.08349,1.08251,2025-03-31 06:40:00,1.083846,-12.1109620317072,0.0,Loss
1.07902,1.0787039999999999,1.0799680000000007,37559.31262995365,Long,SL Hit,2025-04-02 06:40:00,Fib False Breakout Long,1.0794516,0.0011300000000000754,1.0792197399999999,618,uptrend,1.07965,1.07893,2025-04-02 07:10:00,1.0787039999999999,-11.868742791073053,0.5,Loss
1.07918,1.079584,1.0779679999999998,28790.51469121176,Short,SL Hit,2025-04-02 08:00:00,Fib False Breakout Short,1.0792706,0.0016199999999999548,1.07885512,50,downtrend,1.07926,1.07803,2025-04-02 08:10:00,1.079584,-11.631367935251594,0.16666666666666666,Loss
1.07963,1.080074,1.0782980000000004,25672.839136372557,Short,SL Hit,2025-04-02 11:10:00,Fib False Breakout Short,1.079461,0.0022199999999998887,1.0790996,618,downtrend,1.07963,1.07878,2025-04-02 11:30:00,1.080074,-11.398740576546563,0.3333333333333333,Loss
1.08329,1.0805339999999999,1.0915580000000007,4053.253180339191,Long,TP Hit,2025-04-02 21:20:00,Fib False Breakout Long,1.0846984,0.011279999999999957,1.08542896,618,uptrend,1.08618,1.08279,2025-04-03 01:40:00,1.0915580000000007,33.5122972950469,4.333333333333333,Win
1.09624,1.0973540000000002,1.092898,10629.274426315926,Short,SL Hit,2025-04-07 00:40:00,Fib False Breakout Short,1.0968926,0.005069999999999908,1.094993,50,downtrend,1.09634,1.09464,2025-04-07 01:40:00,1.0973540000000002,-11.841011710916572,1.0,Loss
1.09342,1.094004,1.0916680000000003,19870.190884760053,Short,SL Hit,2025-04-07 19:30:00,Fib False Breakout Short,1.0938816,0.0028200000000000447,1.0927485,50,downtrend,1.09344,1.09243,2025-04-07 19:30:00,1.094004,-11.60419147669824,0.0,Loss
1.10332,1.10496,1.0984000000000005,6934.211979978792,Short,SL Hit,2025-04-09 11:00:00,Fib False Breakout Short,1.1039674000000002,0.004850000000000021,1.1033153,618,downtrend,1.10399,1.10255,2025-04-09 11:00:00,1.10496,-11.372107647164276,0.0,Loss
1.09511,1.095532,1.0938440000000003,26409.15993891715,Short,SL Hit,2025-04-10 00:00:00,Fib False Breakout Short,1.0970381999999999,0.0019599999999999618,1.09471686,618,downtrend,1.09514,1.09454,2025-04-10 00:00:00,1.095532,-11.14466549422099,0.0,Loss
1.13599,1.133154,1.1444980000000002,3851.1185417264937,Long,SL Hit,2025-04-11 10:30:00,Fib False Breakout Long,1.1333844,0.012379999999999836,1.13601,50,uptrend,1.13857,1.13563,2025-04-11 11:50:00,1.133154,-10.92177218433657,1.3333333333333333,Loss
1.13594,1.13719,1.13219,8562.669392520052,Short,SL Hit,2025-04-16 13:40:00,Fib False Breakout Short,1.1365062000000001,0.0032999999999998586,1.13574854,50,downtrend,1.13653,1.13418,2025-04-16 14:40:00,1.13719,-10.703336740649837,1.0,Loss
1.13724,1.137904,1.135248,15797.093382284449,Short,SL Hit,2025-04-16 16:30:00,Fib False Breakout Short,1.1364776,0.003270000000000106,1.1358457400000002,50,downtrend,1.13725,1.13574,2025-04-16 17:30:00,1.137904,-10.489270005836842,1.0,Loss
1.13715,1.136476,1.1391720000000003,15251.460839345898,Long,TP Hit,2025-04-16 18:30:00,Fib False Breakout Long,1.1367798,0.0030200000000000227,1.13721,50,uptrend,1.13871,1.13708,2025-04-16 19:00:00,1.1391720000000003,30.83845381716031,0.5,Win
1.13644,1.1374,1.1335599999999997,11350.26425214843,Short,SL Hit,2025-04-17 14:50:00,Fib False Breakout Short,1.1366863999999999,0.0045999999999999375,1.13527316,50,downtrend,1.13648,1.1355,2025-04-17 15:20:00,1.1374,-10.896253682063309,0.5,Loss
1.13636,1.137406,1.1332220000000004,10417.068529698427,Short,SL Hit,2025-04-17 15:20:00,Fib False Breakout Short,1.1366376,0.004629999999999912,1.13550236,618,downtrend,1.13648,1.13395,2025-04-17 15:20:00,1.137406,-10.896253682063309,0.0,Loss
1.13728,1.136852,1.1385640000000004,24440.195174716024,Long,SL Hit,2025-04-18 03:00:00,Fib False Breakout Long,1.1371951999999999,0.0019400000000000528,1.13741018,618,uptrend,1.13761,1.13724,2025-04-18 06:50:00,1.136852,-10.460403534780779,3.8333333333333335,Loss
1.13708,1.137364,1.1362280000000002,36832.40681261474,Short,SL Hit,2025-04-18 06:00:00,Fib False Breakout Short,1.1372614,0.0009199999999998099,1.1370480600000001,618,downtrend,1.13718,1.13654,2025-04-18 06:10:00,1.137364,-10.460403534780779,0.16666666666666666,Loss
1.13709,1.137504,1.1358479999999995,24761.341700680634,Short,SL Hit,2025-04-18 06:40:00,Fib False Breakout Short,1.1372838,0.0011199999999997878,1.1370480600000001,618,downtrend,1.13728,1.13692,2025-04-18 11:00:00,1.137504,-10.251195464085162,4.333333333333333,Loss
1.13707,1.1374760000000002,1.1358519999999996,24733.959097010764,Short,SL Hit,2025-04-18 09:10:00,Fib False Breakout Short,1.137183,0.0016300000000000203,1.13681,50,downtrend,1.13715,1.13676,2025-04-18 11:00:00,1.1374760000000002,-10.041987393389547,1.8333333333333333,Loss
1.13734,1.139082,1.1321140000000003,5531.643935844173,Short,TP Hit,2025-04-23 15:40:00,Fib False Breakout Short,1.1394594,0.007710000000000106,1.13664902,618,downtrend,1.13754,1.13452,2025-04-23 18:20:00,1.1321140000000003,28.90837120872016,2.6666666666666665,Win
1.13776,1.138414,1.1357980000000003,15618.182202470201,Short,TP Hit,2025-04-24 14:10:00,Fib False Breakout Short,1.1374226,0.0027200000000000557,1.13720576,618,downtrend,1.13787,1.13637,2025-04-24 15:10:00,1.1357980000000003,30.642873481243367,1.0,Win
1.13664,1.1376439999999999,1.1336280000000007,10784.012579722774,Short,SL Hit,2025-04-24 16:40:00,Fib False Breakout Short,1.1375608,0.0039199999999999235,1.13641586,50,downtrend,1.13686,1.13579,2025-04-24 16:50:00,1.1376439999999999,-10.827148630039323,0.16666666666666666,Loss
1.1341,1.13455,1.1327500000000006,23579.12368320516,Short,SL Hit,2025-04-25 06:30:00,Fib False Breakout Short,1.1349756,0.0020500000000001073,1.13328754,50,downtrend,1.13414,1.1334,2025-04-25 06:30:00,1.13455,-10.610605657438537,0.0,Loss
1.136,1.136722,1.1338339999999996,14402.207125052853,Short,SL Hit,2025-04-28 00:30:00,Fib False Breakout Short,1.1368028000000001,0.0034600000000000186,1.13595834,618,downtrend,1.13603,1.13448,2025-04-28 04:50:00,1.136722,-10.398393544289766,4.333333333333333,Loss
1.13595,1.1363379999999998,1.1347860000000005,26799.9833615831,Short,SL Hit,2025-04-28 03:50:00,Fib False Breakout Short,1.1364496,0.0016900000000001913,1.1357152,50,downtrend,1.136,1.13542,2025-04-28 04:30:00,1.1363379999999998,-10.398393544289766,0.6666666666666666,Loss
1.13602,1.1363820000000002,1.1349339999999994,28724.844044983838,Short,SL Hit,2025-04-28 04:20:00,Fib False Breakout Short,1.1363398,0.0017600000000002058,1.135505,50,downtrend,1.13603,1.13551,2025-04-28 04:40:00,1.1363820000000002,-10.398393544289766,0.3333333333333333,Loss
1.135,1.135688,1.132936,14207.10745876754,Short,SL Hit,2025-04-28 10:00:00,Fib False Breakout Short,1.1356242,0.0026399999999999757,1.1349382,618,downtrend,1.13516,1.13424,2025-04-28 10:30:00,1.135688,-9.77448993163238,0.5,Loss
1.14038,1.139612,1.1426839999999996,12472.656423178683,Long,SL Hit,2025-04-29 02:40:00,Fib False Breakout Long,1.1412346,0.0032399999999999096,1.1404800000000002,50,uptrend,1.142,1.14026,2025-04-29 03:10:00,1.139612,-9.579000132999731,0.5,Loss
1.13962,1.140282,1.1376340000000003,14180.392946133808,Short,SL Hit,2025-04-29 06:40:00,Fib False Breakout Short,1.1398374000000002,0.0025100000000000122,1.13918192,618,downtrend,1.13978,1.13894,2025-04-29 07:40:00,1.140282,-9.387420130339736,1.0,Loss
1.13755,1.13799,1.13623,20908.344835756878,Short,SL Hit,2025-04-30 04:40:00,Fib False Breakout Short,1.1382067999999999,0.0016000000000000458,1.1375250000000001,50,downtrend,1.13767,1.13666,2025-04-30 05:50:00,1.13799,-9.199671727732941,1.1666666666666667,Loss
1.13556,1.136828,1.1317559999999998,7110.156382632453,Short,TP Hit,2025-04-30 17:00:00,Fib False Breakout Short,1.1363602,0.005489999999999995,1.13486536,618,downtrend,1.13573,1.13451,2025-05-01 01:00:00,1.1317559999999998,27.04703487953485,8.0,Win
1.13606,1.1370879999999999,1.1329760000000006,8770.115071186749,Short,TP Hit,2025-04-30 17:40:00,Fib False Breakout Short,1.1362708,0.004089999999999927,1.13486536,618,downtrend,1.13627,1.13552,2025-04-30 19:50:00,1.1329760000000006,27.047034879534852,2.1666666666666665,Win
1.12897,1.129574,1.1271579999999999,16717.81405357427,Short,SL Hit,2025-05-01 20:00:00,Fib False Breakout Short,1.1293988,0.0018200000000001548,1.12827,50,downtrend,1.12921,1.12824,2025-05-01 22:30:00,1.129574,-10.097559688359679,2.5,Loss
1.13294,1.132184,1.135208,13089.429225651798,Long,SL Hit,2025-05-02 11:10:00,Fib False Breakout Long,1.1321546,0.002930000000000099,1.133065,50,uptrend,1.13375,1.13277,2025-05-02 12:50:00,1.132184,-9.895608494592484,1.6666666666666667,Loss
1.13335,1.1343539999999999,1.1303380000000007,9659.06008436527,Short,SL Hit,2025-05-02 13:20:00,Fib False Breakout Short,1.1329352,0.004469999999999974,1.1324423600000002,618,downtrend,1.13346,1.1314,2025-05-02 13:20:00,1.1343539999999999,-9.697696324700633,0.0,Loss
1.13413,1.132762,1.1382340000000002,6947.180115647932,Long,SL Hit,2025-05-05 14:50:00,Fib False Breakout Long,1.1340675999999998,0.003390000000000004,1.13453094,50,uptrend,1.13543,1.13344,2025-05-05 15:30:00,1.132762,-9.50374239820662,0.6666666666666666,Loss
1.1313,1.1316760000000001,1.1301719999999995,24770.392420847536,Short,TP Hit,2025-05-05 23:30:00,Fib False Breakout Short,1.131259,0.0009799999999999809,1.13111,50,downtrend,1.13148,1.13101,2025-05-06 00:10:00,1.1301719999999995,27.941002650727466,0.6666666666666666,Win
1.13648,1.136862,1.1353339999999996,25844.20838548256,Short,TP Hit,2025-05-07 12:30:00,Fib False Breakout Short,1.1360160000000001,0.0016599999999999948,1.1357423,618,downtrend,1.13653,1.13563,2025-05-07 15:20:00,1.1353339999999996,29.617462809771116,2.8333333333333335,Win
1.13565,1.1352900000000001,1.1367299999999998,27423.5766757204,Long,SL Hit,2025-05-07 14:10:00,Fib False Breakout Long,1.1362132,0.0014999999999998348,1.1357423,50,uptrend,1.13659,1.13559,2025-05-07 15:20:00,1.1352900000000001,-9.872487603257039,1.1666666666666667,Loss
1.12901,1.130552,1.1243840000000003,6658.487099473262,Short,SL Hit,2025-05-08 11:30:00,Fib False Breakout Short,1.1299694,0.0029600000000000737,1.1289099999999999,50,downtrend,1.12996,1.12895,2025-05-08 12:10:00,1.130552,-10.26738710738732,0.6666666666666666,Loss
1.12244,1.123324,1.1197880000000004,11382.397471991948,Short,SL Hit,2025-05-09 04:20:00,Fib False Breakout Short,1.1222864,0.003169999999999895,1.121505,50,downtrend,1.12269,1.12197,2025-05-09 05:50:00,1.123324,-10.062039365239572,1.5,Loss
1.12506,1.124708,1.1261159999999997,28013.632323685684,Long,TP Hit,2025-05-09 12:40:00,Fib False Breakout Long,1.1244292,0.0017599999999999838,1.12513,50,uptrend,1.12568,1.12506,2025-05-09 13:10:00,1.1261159999999997,29.582395733804347,0.5,Win
1.10924,1.109974,1.107038,14240.390316908299,Short,SL Hit,2025-05-12 20:20:00,Fib False Breakout Short,1.1101078000000002,0.0031200000000000117,1.1087856,50,downtrend,1.10935,1.10853,2025-05-13 00:00:00,1.109974,-10.452446492610868,3.6666666666666665,Loss
1.11869,1.11821,1.12013,21340.41158907892,Long,TP Hit,2025-05-14 01:50:00,Fib False Breakout Long,1.1187304,0.0015499999999999403,1.11880682,50,uptrend,1.11952,1.11852,2025-05-14 07:30:00,1.12013,30.73019268827595,5.666666666666667,Win
1.11888,1.119364,1.1174280000000003,21164.044551157345,Short,SL Hit,2025-05-14 03:00:00,Fib False Breakout Short,1.1188618,0.0014700000000000824,1.1188221,618,downtrend,1.11907,1.11838,2025-05-14 03:50:00,1.119364,-10.24339756275865,0.8333333333333334,Loss
1.1182,1.118652,1.1168440000000004,23568.87934794563,Short,SL Hit,2025-05-14 22:30:00,Fib False Breakout Short,1.1187036,0.0017100000000001003,1.118085,50,downtrend,1.11831,1.11774,2025-05-14 23:20:00,1.118652,-10.653133465268995,0.8333333333333334,Loss
1.12052,1.121488,1.1176159999999997,10785.197103267308,Short,SL Hit,2025-05-15 08:50:00,Fib False Breakout Short,1.1198594,0.0036400000000000876,1.12018968,618,downtrend,1.12076,1.11917,2025-05-15 13:10:00,1.121488,-10.440070795963615,4.333333333333333,Loss
1.12056,1.1198919999999999,1.1225640000000003,15628.848496948878,Long,SL Hit,2025-05-15 09:30:00,Fib False Breakout Long,1.1200052,0.002990000000000048,1.1206900000000002,50,uptrend,1.12115,1.12049,2025-05-15 11:00:00,1.1198919999999999,-10.440070795963615,1.5,Loss
1.11852,1.1181059999999998,1.1197620000000004,24208.859816719247,Long,TP Hit,2025-05-19 06:00:00,Fib False Breakout Long,1.1174834,0.0011699999999998933,1.11857,50,uptrend,1.11883,1.11834,2025-05-19 06:20:00,1.1197620000000004,30.067403892375218,0.3333333333333333,Win
1.12419,1.1247580000000001,1.1224859999999997,18703.901482342,Short,SL Hit,2025-05-20 03:20:00,Fib False Breakout Short,1.1237886000000001,0.0024900000000001032,1.12349,50,downtrend,1.12426,1.12266,2025-05-20 04:30:00,1.1247580000000001,-10.623816041972574,1.1666666666666667,Loss
1.1323,1.131438,1.1348860000000005,12078.120326138549,Long,TP Hit,2025-05-21 08:40:00,Fib False Breakout Long,1.1321618,0.0038599999999999746,1.13291452,618,uptrend,1.13279,1.13221,2025-05-21 10:10:00,1.1348860000000005,31.234019163399378,1.5,Win
1.13365,1.1327699999999998,1.1362900000000007,12540.931936816396,Long,SL Hit,2025-05-21 19:10:00,Fib False Breakout Long,1.13375,0.0031000000000001027,1.1338798,50,uptrend,1.1343,1.13339,2025-05-21 19:50:00,1.1327699999999998,-11.036020104401112,0.6666666666666666,Loss
1.13144,1.133016,1.126712,6862.499811112271,Short,TP Hit,2025-05-22 08:40:00,Fib False Breakout Short,1.1330141999999999,0.0045800000000000285,1.13133394,50,downtrend,1.1321,1.12955,2025-05-22 17:10:00,1.126712,32.445899106939265,8.5,Win
1.13093,1.1318,1.1283200000000002,12431.378968177016,Short,TP Hit,2025-05-22 12:10:00,Fib False Breakout Short,1.1315708,0.002449999999999841,1.13073844,618,downtrend,1.13131,1.13052,2025-05-22 14:50:00,1.1283200000000002,32.445899106939265,2.6666666666666665,Win
1.12825,1.1280320000000001,1.1289039999999995,55564.84250734007,Long,TP Hit,2025-05-23 00:10:00,Fib False Breakout Long,1.1279249999999998,0.0009900000000000464,1.128335,50,uptrend,1.12844,1.12823,2025-05-23 00:10:00,1.1289039999999995,36.339406999771974,0.0,Win
1.13345,1.132572,1.1360840000000005,14624.05900522074,Long,TP Hit,2025-05-23 15:30:00,Fib False Breakout Long,1.1337922,0.003489999999999993,1.13366,50,uptrend,1.1346,1.13327,2025-05-23 17:40:00,1.1360840000000005,38.51977141975829,2.1666666666666665,Win
